"","rawRT","key","slide_type","workerid","image","audio","Answer.condition","Answer.time_in_minutes","slide_number","age_group","qud"
"1","0","Patricia","bot_check",0,"Patricia","","all_QUD",10.33385,1,"age1","all"
"2","0","Four","audio_check",0,"","","all_QUD",10.33385,3,"age1","all"
"3","0","Empty","comprehension_check_1",0,"","","all_QUD",10.33385,4,"age1","all"
"4","1562784397835","Yes","practice_trial",0,"13","none.wav","all_QUD",10.33385,6,"age1","all"
"5","1562784403427","Yes","practice_trial",0,"13","all.wav","all_QUD",10.33385,7,"age1","all"
"6","1562784409722","Yes","practice_trial",0,"0","all.wav","all_QUD",10.33385,8,"age1","all"
"7","1562784414913","No","practice_trial",0,"0","none.wav","all_QUD",10.33385,9,"age1","all"
"8","1411","No","trial_1",0,"0","five.wav","all_QUD",10.33385,11,"age1","all"
"9","1515","Yes","trial_1",0,"8","summa.wav","all_QUD",10.33385,12,"age1","all"
"10","1219","No","trial_1",0,"13","all.wav","all_QUD",10.33385,13,"age1","all"
"11","1539","No","trial_1",0,"5","four.wav","all_QUD",10.33385,14,"age1","all"
"12","1483","No","trial_1",0,"13","all.wav","all_QUD",10.33385,15,"age1","all"
"13","1434","No","trial_1",0,"13","summa.wav","all_QUD",10.33385,16,"age1","all"
"14","1676","No","trial_1",0,"8","eleven.wav","all_QUD",10.33385,17,"age1","all"
"15","1147","No","trial_1",0,"13","eight.wav","all_QUD",10.33385,18,"age1","all"
"16","1212","No","trial_1",0,"11","thirteen.wav","all_QUD",10.33385,19,"age1","all"
"17","1413","No","trial_1",0,"13","summa.wav","all_QUD",10.33385,20,"age1","all"
"18","1323","Yes","trial_1",0,"0","none.wav","all_QUD",10.33385,21,"age1","all"
"19","1571","No","trial_1",0,"8","eight.wav","all_QUD",10.33385,22,"age1","all"
"20","1052","No","trial_1",0,"8","none.wav","all_QUD",10.33385,23,"age1","all"
"21","1907","No","trial_1",0,"2","two.wav","all_QUD",10.33385,24,"age1","all"
"22","1348","No","trial_1",0,"0","summa.wav","all_QUD",10.33385,25,"age1","all"
"23","1354","No","trial_1",0,"5","all.wav","all_QUD",10.33385,26,"age1","all"
"24","1261","No","trial_1",0,"2","all.wav","all_QUD",10.33385,27,"age1","all"
"25","1435","No","trial_1",0,"2","two.wav","all_QUD",10.33385,28,"age1","all"
"26","1331","No","trial_1",0,"13","all.wav","all_QUD",10.33385,29,"age1","all"
"27","1699","No","trial_1",0,"11","none.wav","all_QUD",10.33385,30,"age1","all"
"28","1509","No","trial_1",0,"11","seven.wav","all_QUD",10.33385,31,"age1","all"
"29","1259","No","trial_1",0,"11","eleven.wav","all_QUD",10.33385,32,"age1","all"
"30","1690","No","trial_1",0,"13","summa.wav","all_QUD",10.33385,33,"age1","all"
"31","1228","No","trial_1",0,"11","all.wav","all_QUD",10.33385,34,"age1","all"
"32","1394","Yes","trial_1",0,"0","all.wav","all_QUD",10.33385,35,"age1","all"
"33","1467","No","trial_1",0,"5","five.wav","all_QUD",10.33385,36,"age1","all"
"34","1435","No","trial_1",0,"0","none.wav","all_QUD",10.33385,37,"age1","all"
"35","1988","No","trial_1",0,"0","eleven.wav","all_QUD",10.33385,38,"age1","all"
"36","1981","No","trial_1",0,"13","summa.wav","all_QUD",10.33385,39,"age1","all"
"37","1674","No","trial_1",0,"5","summa.wav","all_QUD",10.33385,40,"age1","all"
"38","1659","No","trial_1",0,"2","two.wav","all_QUD",10.33385,41,"age1","all"
"39","1273","No","trial_1",0,"8","eight.wav","all_QUD",10.33385,42,"age1","all"
"40","13548","Yes","trial_1",0,"2","two.wav","all_QUD",10.33385,43,"age1","all"
"41","1388","No","trial_1",0,"13","all.wav","all_QUD",10.33385,44,"age1","all"
"42","1499","Yes","trial_1",0,"0","summa.wav","all_QUD",10.33385,45,"age1","all"
"43","1395","No","trial_1",0,"5","ten.wav","all_QUD",10.33385,46,"age1","all"
"44","0","Empty","comprehension_check_2",0,"","","all_QUD",10.33385,47,"age1","all"
"45","2832","No","trial_2",0,"0","none.wav","all_QUD",10.33385,48,"age1","all"
"46","1531","Yes","trial_2",0,"0","summa.wav","all_QUD",10.33385,49,"age1","all"
"47","1163","Yes","trial_2",0,"2","summa.wav","all_QUD",10.33385,50,"age1","all"
"48","1324","No","trial_2",0,"5","all.wav","all_QUD",10.33385,51,"age1","all"
"49","1354","No","trial_2",0,"13","all.wav","all_QUD",10.33385,52,"age1","all"
"50","1196","No","trial_2",0,"13","all.wav","all_QUD",10.33385,53,"age1","all"
"51","1380","No","trial_2",0,"0","three.wav","all_QUD",10.33385,54,"age1","all"
"52","1481","No","trial_2",0,"13","summa.wav","all_QUD",10.33385,55,"age1","all"
"53","1227","No","trial_2",0,"8","eight.wav","all_QUD",10.33385,56,"age1","all"
"54","1703","No","trial_2",0,"5","two.wav","all_QUD",10.33385,57,"age1","all"
"55","1645","No","trial_2",0,"13","none.wav","all_QUD",10.33385,58,"age1","all"
"56","2883","No","trial_2",0,"13","summa.wav","all_QUD",10.33385,59,"age1","all"
"57","1099","No","trial_2",0,"13","ten.wav","all_QUD",10.33385,60,"age1","all"
"58","1780","No","trial_2",0,"5","five.wav","all_QUD",10.33385,61,"age1","all"
"59","1347","No","trial_2",0,"8","eight.wav","all_QUD",10.33385,62,"age1","all"
"60","1220","No","trial_2",0,"11","one.wav","all_QUD",10.33385,63,"age1","all"
"61","1180","No","trial_2",0,"8","all.wav","all_QUD",10.33385,64,"age1","all"
"62","1436","No","trial_2",0,"2","two.wav","all_QUD",10.33385,65,"age1","all"
"63","2485","No","trial_2",0,"0","none.wav","all_QUD",10.33385,66,"age1","all"
"64","1044","No","trial_2",0,"13","five.wav","all_QUD",10.33385,67,"age1","all"
"65","1811","No","trial_2",0,"2","none.wav","all_QUD",10.33385,68,"age1","all"
"66","1461","No","trial_2",0,"13","summa.wav","all_QUD",10.33385,69,"age1","all"
"67","1618","No","trial_2",0,"2","two.wav","all_QUD",10.33385,70,"age1","all"
"68","1860","No","trial_2",0,"13","all.wav","all_QUD",10.33385,71,"age1","all"
"69","2012","No","trial_2",0,"13","summa.wav","all_QUD",10.33385,72,"age1","all"
"70","2851","Yes","trial_2",0,"5","nine.wav","all_QUD",10.33385,73,"age1","all"
"71","1891","Yes","trial_2",0,"0","all.wav","all_QUD",10.33385,74,"age1","all"
"72","1356","No","trial_2",0,"5","five.wav","all_QUD",10.33385,75,"age1","all"
"73","1284","Yes","trial_2",0,"11","summa.wav","all_QUD",10.33385,76,"age1","all"
"74","1275","No","trial_2",0,"11","eleven.wav","all_QUD",10.33385,77,"age1","all"
"75","1324","No","trial_2",0,"11","all.wav","all_QUD",10.33385,78,"age1","all"
"76","1179","No","trial_2",0,"8","eight.wav","all_QUD",10.33385,79,"age1","all"
"77","1490","Yes","trial_2",0,"0","summa.wav","all_QUD",10.33385,80,"age1","all"
"78","1563","No","trial_2",0,"2","twelve.wav","all_QUD",10.33385,81,"age1","all"
"79","1132","No","trial_2",0,"8","two.wav","all_QUD",10.33385,82,"age1","all"
"80","1284","Yes","trial_2",0,"13","all.wav","all_QUD",10.33385,83,"age1","all"
"81","0","linda","bot_check",1,"Linda","","all_QUD",16.4025166666667,1,"age1","all"
"82","0","Four","audio_check",1,"","","all_QUD",16.4025166666667,3,"age1","all"
"83","0","Empty","comprehension_check_1",1,"","","all_QUD",16.4025166666667,4,"age1","all"
"84","1562784287389","No","practice_trial",1,"13","none.wav","all_QUD",16.4025166666667,6,"age1","all"
"85","1562784293152","Yes","practice_trial",1,"13","all.wav","all_QUD",16.4025166666667,7,"age1","all"
"86","1562784298774","No","practice_trial",1,"0","all.wav","all_QUD",16.4025166666667,8,"age1","all"
"87","1562784304153","Yes","practice_trial",1,"0","none.wav","all_QUD",16.4025166666667,9,"age1","all"
"88","2250","No","trial_1",1,"2","all.wav","all_QUD",16.4025166666667,11,"age1","all"
"89","2639","No","trial_1",1,"13","summa.wav","all_QUD",16.4025166666667,12,"age1","all"
"90","2065","Yes","trial_1",1,"0","none.wav","all_QUD",16.4025166666667,13,"age1","all"
"91","2038","Yes","trial_1",1,"13","all.wav","all_QUD",16.4025166666667,14,"age1","all"
"92","2727","No","trial_1",1,"0","five.wav","all_QUD",16.4025166666667,15,"age1","all"
"93","2008","Yes","trial_1",1,"2","two.wav","all_QUD",16.4025166666667,16,"age1","all"
"94","5557","No","trial_1",1,"13","eight.wav","all_QUD",16.4025166666667,17,"age1","all"
"95","1612","Yes","trial_1",1,"13","all.wav","all_QUD",16.4025166666667,18,"age1","all"
"96","6724","Yes","trial_1",1,"8","eight.wav","all_QUD",16.4025166666667,19,"age1","all"
"97","1914","No","trial_1",1,"0","summa.wav","all_QUD",16.4025166666667,20,"age1","all"
"98","1999","Yes","trial_1",1,"2","two.wav","all_QUD",16.4025166666667,21,"age1","all"
"99","2400","Yes","trial_1",1,"8","summa.wav","all_QUD",16.4025166666667,22,"age1","all"
"100","1754","No","trial_1",1,"5","all.wav","all_QUD",16.4025166666667,23,"age1","all"
"101","26147","No","trial_1",1,"11","thirteen.wav","all_QUD",16.4025166666667,24,"age1","all"
"102","7524","No","trial_1",1,"8","eleven.wav","all_QUD",16.4025166666667,25,"age1","all"
"103","2106","No","trial_1",1,"13","summa.wav","all_QUD",16.4025166666667,26,"age1","all"
"104","2330","No","trial_1",1,"5","four.wav","all_QUD",16.4025166666667,27,"age1","all"
"105","3777","No","trial_1",1,"8","none.wav","all_QUD",16.4025166666667,28,"age1","all"
"106","2278","Yes","trial_1",1,"5","five.wav","all_QUD",16.4025166666667,29,"age1","all"
"107","2199","No","trial_1",1,"0","all.wav","all_QUD",16.4025166666667,30,"age1","all"
"108","1628","No","trial_1",1,"5","ten.wav","all_QUD",16.4025166666667,31,"age1","all"
"109","1764","Yes","trial_1",1,"13","all.wav","all_QUD",16.4025166666667,32,"age1","all"
"110","1276","Yes","trial_1",1,"2","two.wav","all_QUD",16.4025166666667,33,"age1","all"
"111","1855","No","trial_1",1,"11","seven.wav","all_QUD",16.4025166666667,34,"age1","all"
"112","1529","No","trial_1",1,"11","none.wav","all_QUD",16.4025166666667,35,"age1","all"
"113","1691","Yes","trial_1",1,"5","summa.wav","all_QUD",16.4025166666667,36,"age1","all"
"114","1344","No","trial_1",1,"11","all.wav","all_QUD",16.4025166666667,37,"age1","all"
"115","1316","No","trial_1",1,"13","summa.wav","all_QUD",16.4025166666667,38,"age1","all"
"116","1225","No","trial_1",1,"0","eleven.wav","all_QUD",16.4025166666667,39,"age1","all"
"117","1204","No","trial_1",1,"0","summa.wav","all_QUD",16.4025166666667,40,"age1","all"
"118","1044","No","trial_1",1,"13","summa.wav","all_QUD",16.4025166666667,41,"age1","all"
"119","1358","Yes","trial_1",1,"13","all.wav","all_QUD",16.4025166666667,42,"age1","all"
"120","1054","Yes","trial_1",1,"2","two.wav","all_QUD",16.4025166666667,43,"age1","all"
"121","1012","Yes","trial_1",1,"0","none.wav","all_QUD",16.4025166666667,44,"age1","all"
"122","2965","Yes","trial_1",1,"8","eight.wav","all_QUD",16.4025166666667,45,"age1","all"
"123","10454","Yes","trial_1",1,"11","eleven.wav","all_QUD",16.4025166666667,46,"age1","all"
"124","0","Empty","comprehension_check_2",1,"","","all_QUD",16.4025166666667,47,"age1","all"
"125","1387","No","trial_2",1,"5","two.wav","all_QUD",16.4025166666667,48,"age1","all"
"126","1399","No","trial_2",1,"11","one.wav","all_QUD",16.4025166666667,49,"age1","all"
"127","2128","Yes","trial_2",1,"2","summa.wav","all_QUD",16.4025166666667,50,"age1","all"
"128","943","Yes","trial_2",1,"2","two.wav","all_QUD",16.4025166666667,51,"age1","all"
"129","1249","No","trial_2",1,"5","all.wav","all_QUD",16.4025166666667,52,"age1","all"
"130","2764","Yes","trial_2",1,"8","eight.wav","all_QUD",16.4025166666667,53,"age1","all"
"131","3137","Yes","trial_2",1,"8","eight.wav","all_QUD",16.4025166666667,54,"age1","all"
"132","923","Yes","trial_2",1,"13","all.wav","all_QUD",16.4025166666667,55,"age1","all"
"133","1240","No","trial_2",1,"13","ten.wav","all_QUD",16.4025166666667,56,"age1","all"
"134","1008","No","trial_2",1,"13","summa.wav","all_QUD",16.4025166666667,57,"age1","all"
"135","1397","Yes","trial_2",1,"0","none.wav","all_QUD",16.4025166666667,58,"age1","all"
"136","1523","No","trial_2",1,"0","summa.wav","all_QUD",16.4025166666667,59,"age1","all"
"137","1429","Yes","trial_2",1,"13","all.wav","all_QUD",16.4025166666667,60,"age1","all"
"138","1425","No","trial_2",1,"13","summa.wav","all_QUD",16.4025166666667,61,"age1","all"
"139","2945","No","trial_2",1,"0","three.wav","all_QUD",16.4025166666667,62,"age1","all"
"140","1287","No","trial_2",1,"13","none.wav","all_QUD",16.4025166666667,63,"age1","all"
"141","2610","Yes","trial_2",1,"5","five.wav","all_QUD",16.4025166666667,64,"age1","all"
"142","1266","No","trial_2",1,"8","all.wav","all_QUD",16.4025166666667,65,"age1","all"
"143","1731","No","trial_2",1,"8","two.wav","all_QUD",16.4025166666667,66,"age1","all"
"144","1224","Yes","trial_2",1,"2","two.wav","all_QUD",16.4025166666667,67,"age1","all"
"145","970","No","trial_2",1,"13","five.wav","all_QUD",16.4025166666667,68,"age1","all"
"146","1216","No","trial_2",1,"13","summa.wav","all_QUD",16.4025166666667,69,"age1","all"
"147","2551","Yes","trial_2",1,"8","eight.wav","all_QUD",16.4025166666667,70,"age1","all"
"148","2601","Yes","trial_2",1,"11","summa.wav","all_QUD",16.4025166666667,71,"age1","all"
"149","978","No","trial_2",1,"2","none.wav","all_QUD",16.4025166666667,72,"age1","all"
"150","1650","No","trial_2",1,"11","all.wav","all_QUD",16.4025166666667,73,"age1","all"
"151","1100","No","trial_2",1,"13","summa.wav","all_QUD",16.4025166666667,74,"age1","all"
"152","1566","Yes","trial_2",1,"0","none.wav","all_QUD",16.4025166666667,75,"age1","all"
"153","1164","No","trial_2",1,"2","twelve.wav","all_QUD",16.4025166666667,76,"age1","all"
"154","1396","Yes","trial_2",1,"13","all.wav","all_QUD",16.4025166666667,77,"age1","all"
"155","1869","Yes","trial_2",1,"13","all.wav","all_QUD",16.4025166666667,78,"age1","all"
"156","1245","Yes","trial_2",1,"5","five.wav","all_QUD",16.4025166666667,79,"age1","all"
"157","1436","No","trial_2",1,"5","nine.wav","all_QUD",16.4025166666667,80,"age1","all"
"158","7581","Yes","trial_2",1,"11","eleven.wav","all_QUD",16.4025166666667,81,"age1","all"
"159","1142","No","trial_2",1,"0","all.wav","all_QUD",16.4025166666667,82,"age1","all"
"160","1042","No","trial_2",1,"0","summa.wav","all_QUD",16.4025166666667,83,"age1","all"
"161","0","Mary","bot_check",2,"Mary","","any_QUD",13.7938,1,"age1","any"
"162","0","Four","audio_check",2,"","","any_QUD",13.7938,3,"age1","any"
"163","0","Jam","comprehension_check_1",2,"","","any_QUD",13.7938,4,"age1","any"
"164","2601","No","practice_trial",2,"13","none.wav","any_QUD",13.7938,6,"age1","any"
"165","1440","Yes","practice_trial",2,"13","all.wav","any_QUD",13.7938,7,"age1","any"
"166","1843","No","practice_trial",2,"0","all.wav","any_QUD",13.7938,8,"age1","any"
"167","3368","Yes","practice_trial",2,"0","none.wav","any_QUD",13.7938,9,"age1","any"
"168","1705","No","trial_1",2,"0","none.wav","any_QUD",13.7938,11,"age1","any"
"169","2370","No","trial_1",2,"5","all.wav","any_QUD",13.7938,12,"age1","any"
"170","2076","Yes","trial_1",2,"2","two.wav","any_QUD",13.7938,13,"age1","any"
"171","10655","No","trial_1",2,"13","summa.wav","any_QUD",13.7938,14,"age1","any"
"172","1730","Yes","trial_1",2,"8","summa.wav","any_QUD",13.7938,15,"age1","any"
"173","1823","No","trial_1",2,"2","all.wav","any_QUD",13.7938,16,"age1","any"
"174","878","Yes","trial_1",2,"13","all.wav","any_QUD",13.7938,17,"age1","any"
"175","1331","Yes","trial_1",2,"13","all.wav","any_QUD",13.7938,18,"age1","any"
"176","4263","No","trial_1",2,"13","eight.wav","any_QUD",13.7938,19,"age1","any"
"177","1652","Yes","trial_1",2,"2","two.wav","any_QUD",13.7938,20,"age1","any"
"178","2481","No","trial_1",2,"8","eleven.wav","any_QUD",13.7938,21,"age1","any"
"179","7558","No","trial_1",2,"11","thirteen.wav","any_QUD",13.7938,22,"age1","any"
"180","2233","No","trial_1",2,"8","none.wav","any_QUD",13.7938,23,"age1","any"
"181","2467","No","trial_1",2,"0","summa.wav","any_QUD",13.7938,24,"age1","any"
"182","3290","Yes","trial_1",2,"8","eight.wav","any_QUD",13.7938,25,"age1","any"
"183","3362","No","trial_1",2,"13","summa.wav","any_QUD",13.7938,26,"age1","any"
"184","2320","No","trial_1",2,"0","five.wav","any_QUD",13.7938,27,"age1","any"
"185","2162","No","trial_1",2,"5","four.wav","any_QUD",13.7938,28,"age1","any"
"186","1860","No","trial_1",2,"13","summa.wav","any_QUD",13.7938,29,"age1","any"
"187","1885","Yes","trial_1",2,"13","all.wav","any_QUD",13.7938,30,"age1","any"
"188","1271","Yes","trial_1",2,"13","all.wav","any_QUD",13.7938,31,"age1","any"
"189","2230","Yes","trial_1",2,"8","eight.wav","any_QUD",13.7938,32,"age1","any"
"190","1565","Yes","trial_1",2,"5","five.wav","any_QUD",13.7938,33,"age1","any"
"191","1421","No","trial_1",2,"0","all.wav","any_QUD",13.7938,34,"age1","any"
"192","2432","No","trial_1",2,"0","eleven.wav","any_QUD",13.7938,35,"age1","any"
"193","1742","No","trial_1",2,"5","ten.wav","any_QUD",13.7938,36,"age1","any"
"194","1985","No","trial_1",2,"11","none.wav","any_QUD",13.7938,37,"age1","any"
"195","1952","Yes","trial_1",2,"0","none.wav","any_QUD",13.7938,38,"age1","any"
"196","4416","Yes","trial_1",2,"11","eleven.wav","any_QUD",13.7938,39,"age1","any"
"197","1199","Yes","trial_1",2,"2","two.wav","any_QUD",13.7938,40,"age1","any"
"198","1709","No","trial_1",2,"13","summa.wav","any_QUD",13.7938,41,"age1","any"
"199","1842","Yes","trial_1",2,"5","summa.wav","any_QUD",13.7938,42,"age1","any"
"200","2021","No","trial_1",2,"11","all.wav","any_QUD",13.7938,43,"age1","any"
"201","1577","Yes","trial_1",2,"2","two.wav","any_QUD",13.7938,44,"age1","any"
"202","1553","No","trial_1",2,"0","summa.wav","any_QUD",13.7938,45,"age1","any"
"203","5545","No","trial_1",2,"11","seven.wav","any_QUD",13.7938,46,"age1","any"
"204","0","Jam","comprehension_check_2",2,"","","any_QUD",13.7938,47,"age1","any"
"205","3902","Yes","trial_2",2,"8","eight.wav","any_QUD",13.7938,48,"age1","any"
"206","1524","No","trial_2",2,"0","three.wav","any_QUD",13.7938,49,"age1","any"
"207","1875","Yes","trial_2",2,"0","none.wav","any_QUD",13.7938,50,"age1","any"
"208","1566","No","trial_2",2,"5","two.wav","any_QUD",13.7938,51,"age1","any"
"209","899","Yes","trial_2",2,"13","all.wav","any_QUD",13.7938,52,"age1","any"
"210","1002","Yes","trial_2",2,"2","two.wav","any_QUD",13.7938,53,"age1","any"
"211","1499","Yes","trial_2",2,"5","five.wav","any_QUD",13.7938,54,"age1","any"
"212","1471","No","trial_2",2,"0","summa.wav","any_QUD",13.7938,55,"age1","any"
"213","1191","Yes","trial_2",2,"8","eight.wav","any_QUD",13.7938,56,"age1","any"
"214","919","Yes","trial_2",2,"13","all.wav","any_QUD",13.7938,57,"age1","any"
"215","1596","No","trial_2",2,"13","summa.wav","any_QUD",13.7938,58,"age1","any"
"216","3284","No","trial_2",2,"13","ten.wav","any_QUD",13.7938,59,"age1","any"
"217","1937","Yes","trial_2",2,"2","summa.wav","any_QUD",13.7938,60,"age1","any"
"218","1413","No","trial_2",2,"5","all.wav","any_QUD",13.7938,61,"age1","any"
"219","1418","No","trial_2",2,"8","all.wav","any_QUD",13.7938,62,"age1","any"
"220","1978","No","trial_2",2,"13","summa.wav","any_QUD",13.7938,63,"age1","any"
"221","2266","No","trial_2",2,"11","one.wav","any_QUD",13.7938,64,"age1","any"
"222","1428","No","trial_2",2,"13","none.wav","any_QUD",13.7938,65,"age1","any"
"223","1340","Yes","trial_2",2,"5","five.wav","any_QUD",13.7938,66,"age1","any"
"224","1804","Yes","trial_2",2,"0","none.wav","any_QUD",13.7938,67,"age1","any"
"225","1282","No","trial_2",2,"2","none.wav","any_QUD",13.7938,68,"age1","any"
"226","1634","No","trial_2",2,"0","summa.wav","any_QUD",13.7938,69,"age1","any"
"227","1588","Yes","trial_2",2,"5","nine.wav","any_QUD",13.7938,70,"age1","any"
"228","10118","Yes","trial_2",2,"8","eight.wav","any_QUD",13.7938,71,"age1","any"
"229","1076","Yes","trial_2",2,"2","two.wav","any_QUD",13.7938,72,"age1","any"
"230","1371","No","trial_2",2,"0","all.wav","any_QUD",13.7938,73,"age1","any"
"231","1034","Yes","trial_2",2,"13","all.wav","any_QUD",13.7938,74,"age1","any"
"232","1427","No","trial_2",2,"13","summa.wav","any_QUD",13.7938,75,"age1","any"
"233","1462","No","trial_2",2,"11","all.wav","any_QUD",13.7938,76,"age1","any"
"234","972","Yes","trial_2",2,"13","all.wav","any_QUD",13.7938,77,"age1","any"
"235","1434","No","trial_2",2,"2","twelve.wav","any_QUD",13.7938,78,"age1","any"
"236","2078","Yes","trial_2",2,"11","summa.wav","any_QUD",13.7938,79,"age1","any"
"237","1976","No","trial_2",2,"8","two.wav","any_QUD",13.7938,80,"age1","any"
"238","1456","No","trial_2",2,"13","five.wav","any_QUD",13.7938,81,"age1","any"
"239","4268","Yes","trial_2",2,"11","eleven.wav","any_QUD",13.7938,82,"age1","any"
"240","1497","No","trial_2",2,"13","summa.wav","any_QUD",13.7938,83,"age1","any"
"241","0","Sarah","bot_check",3,"Sarah","","any_QUD",11.19175,1,"age1","any"
"242","0","Four","audio_check",3,"","","any_QUD",11.19175,3,"age1","any"
"243","0","Empty","comprehension_check_1",3,"","","any_QUD",11.19175,4,"age1","any"
"244","0","Jam","comprehension_check_1",3,"","","any_QUD",11.19175,4,"age1","any"
"245","1522","No","practice_trial",3,"13","none.wav","any_QUD",11.19175,6,"age1","any"
"246","1540","Yes","practice_trial",3,"13","all.wav","any_QUD",11.19175,7,"age1","any"
"247","1636","No","practice_trial",3,"0","all.wav","any_QUD",11.19175,8,"age1","any"
"248","1612","Yes","practice_trial",3,"0","none.wav","any_QUD",11.19175,9,"age1","any"
"249","2459","Yes","trial_1",3,"13","summa.wav","any_QUD",11.19175,11,"age1","any"
"250","1675","Yes","trial_1",3,"0","none.wav","any_QUD",11.19175,12,"age1","any"
"251","3044","Yes","trial_1",3,"8","eight.wav","any_QUD",11.19175,13,"age1","any"
"252","1795","No","trial_1",3,"0","summa.wav","any_QUD",11.19175,14,"age1","any"
"253","1614","No","trial_1",3,"2","all.wav","any_QUD",11.19175,15,"age1","any"
"254","2132","Yes","trial_1",3,"8","summa.wav","any_QUD",11.19175,16,"age1","any"
"255","1645","Yes","trial_1",3,"13","all.wav","any_QUD",11.19175,17,"age1","any"
"256","4340","Yes","trial_1",3,"13","summa.wav","any_QUD",11.19175,18,"age1","any"
"257","1684","Yes","trial_1",3,"2","two.wav","any_QUD",11.19175,19,"age1","any"
"258","1445","No","trial_1",3,"5","all.wav","any_QUD",11.19175,20,"age1","any"
"259","11724","No","trial_1",3,"11","thirteen.wav","any_QUD",11.19175,21,"age1","any"
"260","1812","No","trial_1",3,"8","none.wav","any_QUD",11.19175,22,"age1","any"
"261","2196","No","trial_1",3,"13","eight.wav","any_QUD",11.19175,23,"age1","any"
"262","1541","Yes","trial_1",3,"2","two.wav","any_QUD",11.19175,24,"age1","any"
"263","1548","Yes","trial_1",3,"13","all.wav","any_QUD",11.19175,25,"age1","any"
"264","1996","No","trial_1",3,"5","four.wav","any_QUD",11.19175,26,"age1","any"
"265","2364","No","trial_1",3,"8","eleven.wav","any_QUD",11.19175,27,"age1","any"
"266","1419","No","trial_1",3,"0","five.wav","any_QUD",11.19175,28,"age1","any"
"267","4580","Yes","trial_1",3,"11","eleven.wav","any_QUD",11.19175,29,"age1","any"
"268","1579","No","trial_1",3,"11","all.wav","any_QUD",11.19175,30,"age1","any"
"269","1589","Yes","trial_1",3,"2","two.wav","any_QUD",11.19175,31,"age1","any"
"270","3740","Yes","trial_1",3,"13","summa.wav","any_QUD",11.19175,32,"age1","any"
"271","1596","Yes","trial_1",3,"5","summa.wav","any_QUD",11.19175,33,"age1","any"
"272","3310","Yes","trial_1",3,"13","summa.wav","any_QUD",11.19175,34,"age1","any"
"273","1404","Yes","trial_1",3,"2","two.wav","any_QUD",11.19175,35,"age1","any"
"274","1620","Yes","trial_1",3,"5","five.wav","any_QUD",11.19175,36,"age1","any"
"275","1469","Yes","trial_1",3,"8","eight.wav","any_QUD",11.19175,37,"age1","any"
"276","1627","Yes","trial_1",3,"13","all.wav","any_QUD",11.19175,38,"age1","any"
"277","1475","No","trial_1",3,"0","summa.wav","any_QUD",11.19175,39,"age1","any"
"278","1379","No","trial_1",3,"0","all.wav","any_QUD",11.19175,40,"age1","any"
"279","1548","No","trial_1",3,"5","ten.wav","any_QUD",11.19175,41,"age1","any"
"280","1540","Yes","trial_1",3,"0","none.wav","any_QUD",11.19175,42,"age1","any"
"281","2156","No","trial_1",3,"11","none.wav","any_QUD",11.19175,43,"age1","any"
"282","1701","No","trial_1",3,"0","eleven.wav","any_QUD",11.19175,44,"age1","any"
"283","1796","No","trial_1",3,"11","seven.wav","any_QUD",11.19175,45,"age1","any"
"284","1532","Yes","trial_1",3,"13","all.wav","any_QUD",11.19175,46,"age1","any"
"285","0","Jam","comprehension_check_2",3,"","","any_QUD",11.19175,47,"age1","any"
"286","1427","No","trial_2",3,"8","all.wav","any_QUD",11.19175,48,"age1","any"
"287","1460","Yes","trial_2",3,"0","none.wav","any_QUD",11.19175,49,"age1","any"
"288","1579","Yes","trial_2",3,"13","all.wav","any_QUD",11.19175,50,"age1","any"
"289","1651","No","trial_2",3,"13","ten.wav","any_QUD",11.19175,51,"age1","any"
"290","1588","No","trial_2",3,"5","all.wav","any_QUD",11.19175,52,"age1","any"
"291","2699","Yes","trial_2",3,"8","eight.wav","any_QUD",11.19175,53,"age1","any"
"292","1492","Yes","trial_2",3,"5","five.wav","any_QUD",11.19175,54,"age1","any"
"293","1340","Yes","trial_2",3,"2","two.wav","any_QUD",11.19175,55,"age1","any"
"294","1972","Yes","trial_2",3,"13","summa.wav","any_QUD",11.19175,56,"age1","any"
"295","1487","No","trial_2",3,"0","summa.wav","any_QUD",11.19175,57,"age1","any"
"296","1620","Yes","trial_2",3,"13","summa.wav","any_QUD",11.19175,58,"age1","any"
"297","1724","Yes","trial_2",3,"8","eight.wav","any_QUD",11.19175,59,"age1","any"
"298","1348","No","trial_2",3,"0","three.wav","any_QUD",11.19175,60,"age1","any"
"299","1445","Yes","trial_2",3,"13","all.wav","any_QUD",11.19175,61,"age1","any"
"300","1636","No","trial_2",3,"11","one.wav","any_QUD",11.19175,62,"age1","any"
"301","1467","No","trial_2",3,"5","two.wav","any_QUD",11.19175,63,"age1","any"
"302","1643","Yes","trial_2",3,"2","summa.wav","any_QUD",11.19175,64,"age1","any"
"303","1468","No","trial_2",3,"13","none.wav","any_QUD",11.19175,65,"age1","any"
"304","1788","No","trial_2",3,"5","nine.wav","any_QUD",11.19175,66,"age1","any"
"305","1364","No","trial_2",3,"11","all.wav","any_QUD",11.19175,67,"age1","any"
"306","1756","Yes","trial_2",3,"13","summa.wav","any_QUD",11.19175,68,"age1","any"
"307","1212","No","trial_2",3,"2","none.wav","any_QUD",11.19175,69,"age1","any"
"308","1803","Yes","trial_2",3,"11","eleven.wav","any_QUD",11.19175,70,"age1","any"
"309","1115","Yes","trial_2",3,"13","all.wav","any_QUD",11.19175,71,"age1","any"
"310","1508","No","trial_2",3,"13","five.wav","any_QUD",11.19175,72,"age1","any"
"311","1612","Yes","trial_2",3,"5","five.wav","any_QUD",11.19175,73,"age1","any"
"312","1540","No","trial_2",3,"0","summa.wav","any_QUD",11.19175,74,"age1","any"
"313","1508","No","trial_2",3,"8","two.wav","any_QUD",11.19175,75,"age1","any"
"314","1571","Yes","trial_2",3,"2","two.wav","any_QUD",11.19175,76,"age1","any"
"315","1435","No","trial_2",3,"0","all.wav","any_QUD",11.19175,77,"age1","any"
"316","1589","Yes","trial_2",3,"0","none.wav","any_QUD",11.19175,78,"age1","any"
"317","1484","Yes","trial_2",3,"13","all.wav","any_QUD",11.19175,79,"age1","any"
"318","1436","No","trial_2",3,"2","twelve.wav","any_QUD",11.19175,80,"age1","any"
"319","1660","Yes","trial_2",3,"13","summa.wav","any_QUD",11.19175,81,"age1","any"
"320","1604","Yes","trial_2",3,"11","summa.wav","any_QUD",11.19175,82,"age1","any"
"321","2588","Yes","trial_2",3,"8","eight.wav","any_QUD",11.19175,83,"age1","any"
"322","0","Jennifer","bot_check",4,"Jennifer","","no_QUD",8.71666666666667,1,"age1","no"
"323","0","Four","audio_check",4,"","","no_QUD",8.71666666666667,3,"age1","no"
"324","4400","No","practice_trial",4,"13","none.wav","no_QUD",8.71666666666667,6,"age1","no"
"325","1800","Yes","practice_trial",4,"13","all.wav","no_QUD",8.71666666666667,7,"age1","no"
"326","1700","No","practice_trial",4,"0","all.wav","no_QUD",8.71666666666667,8,"age1","no"
"327","1500","Yes","practice_trial",4,"0","none.wav","no_QUD",8.71666666666667,9,"age1","no"
"328","3100","No","trial_1",4,"13","summa.wav","no_QUD",8.71666666666667,11,"age1","no"
"329","1700","No","trial_1",4,"0","summa.wav","no_QUD",8.71666666666667,12,"age1","no"
"330","5600","No","trial_1",4,"11","thirteen.wav","no_QUD",8.71666666666667,13,"age1","no"
"331","2100","Yes","trial_1",4,"8","summa.wav","no_QUD",8.71666666666667,14,"age1","no"
"332","4800","Yes","trial_1",4,"8","eight.wav","no_QUD",8.71666666666667,15,"age1","no"
"333","1900","No","trial_1",4,"5","four.wav","no_QUD",8.71666666666667,16,"age1","no"
"334","1200","Yes","trial_1",4,"2","two.wav","no_QUD",8.71666666666667,17,"age1","no"
"335","1400","Yes","trial_1",4,"13","all.wav","no_QUD",8.71666666666667,18,"age1","no"
"336","1600","Yes","trial_1",4,"0","none.wav","no_QUD",8.71666666666667,19,"age1","no"
"337","3600","No","trial_1",4,"8","eleven.wav","no_QUD",8.71666666666667,20,"age1","no"
"338","1900","No","trial_1",4,"0","five.wav","no_QUD",8.71666666666667,21,"age1","no"
"339","2300","No","trial_1",4,"2","all.wav","no_QUD",8.71666666666667,22,"age1","no"
"340","2500","Yes","trial_1",4,"2","two.wav","no_QUD",8.71666666666667,23,"age1","no"
"341","1800","Yes","trial_1",4,"13","all.wav","no_QUD",8.71666666666667,24,"age1","no"
"342","2100","No","trial_1",4,"5","all.wav","no_QUD",8.71666666666667,25,"age1","no"
"343","1700","No","trial_1",4,"13","summa.wav","no_QUD",8.71666666666667,26,"age1","no"
"344","2000","No","trial_1",4,"13","eight.wav","no_QUD",8.71666666666667,27,"age1","no"
"345","2100","No","trial_1",4,"8","none.wav","no_QUD",8.71666666666667,28,"age1","no"
"346","1700","No","trial_1",4,"13","summa.wav","no_QUD",8.71666666666667,29,"age1","no"
"347","1800","Yes","trial_1",4,"2","two.wav","no_QUD",8.71666666666667,30,"age1","no"
"348","5200","Yes","trial_1",4,"11","eleven.wav","no_QUD",8.71666666666667,31,"age1","no"
"349","3500","No","trial_1",4,"11","seven.wav","no_QUD",8.71666666666667,32,"age1","no"
"350","1500","No","trial_1",4,"13","summa.wav","no_QUD",8.71666666666667,33,"age1","no"
"351","1300","No","trial_1",4,"0","summa.wav","no_QUD",8.71666666666667,34,"age1","no"
"352","1400","No","trial_1",4,"11","all.wav","no_QUD",8.71666666666667,35,"age1","no"
"353","1600","Yes","trial_1",4,"13","all.wav","no_QUD",8.71666666666667,36,"age1","no"
"354","1700","No","trial_1",4,"0","eleven.wav","no_QUD",8.71666666666667,37,"age1","no"
"355","1800","Yes","trial_1",4,"5","five.wav","no_QUD",8.71666666666667,38,"age1","no"
"356","1500","No","trial_1",4,"11","none.wav","no_QUD",8.71666666666667,39,"age1","no"
"357","1600","Yes","trial_1",4,"2","two.wav","no_QUD",8.71666666666667,40,"age1","no"
"358","1600","No","trial_1",4,"0","all.wav","no_QUD",8.71666666666667,41,"age1","no"
"359","1400","Yes","trial_1",4,"13","all.wav","no_QUD",8.71666666666667,42,"age1","no"
"360","1600","Yes","trial_1",4,"0","none.wav","no_QUD",8.71666666666667,43,"age1","no"
"361","3500","Yes","trial_1",4,"8","eight.wav","no_QUD",8.71666666666667,44,"age1","no"
"362","2200","Yes","trial_1",4,"5","summa.wav","no_QUD",8.71666666666667,45,"age1","no"
"363","1700","No","trial_1",4,"5","ten.wav","no_QUD",8.71666666666667,46,"age1","no"
"364","3800","No","trial_2",4,"13","ten.wav","no_QUD",8.71666666666667,47,"age1","no"
"365","3200","Yes","trial_2",4,"8","eight.wav","no_QUD",8.71666666666667,48,"age1","no"
"366","1600","Yes","trial_2",4,"13","all.wav","no_QUD",8.71666666666667,49,"age1","no"
"367","1500","Yes","trial_2",4,"13","all.wav","no_QUD",8.71666666666667,50,"age1","no"
"368","1700","No","trial_2",4,"8","all.wav","no_QUD",8.71666666666667,51,"age1","no"
"369","3100","Yes","trial_2",4,"8","eight.wav","no_QUD",8.71666666666667,52,"age1","no"
"370","1700","No","trial_2",4,"5","all.wav","no_QUD",8.71666666666667,53,"age1","no"
"371","1500","No","trial_2",4,"0","three.wav","no_QUD",8.71666666666667,54,"age1","no"
"372","1500","Yes","trial_2",4,"0","none.wav","no_QUD",8.71666666666667,55,"age1","no"
"373","1600","Yes","trial_2",4,"2","two.wav","no_QUD",8.71666666666667,56,"age1","no"
"374","1600","Yes","trial_2",4,"5","five.wav","no_QUD",8.71666666666667,57,"age1","no"
"375","1800","No","trial_2",4,"13","summa.wav","no_QUD",8.71666666666667,58,"age1","no"
"376","1300","No","trial_2",4,"13","summa.wav","no_QUD",8.71666666666667,59,"age1","no"
"377","1800","No","trial_2",4,"11","one.wav","no_QUD",8.71666666666667,60,"age1","no"
"378","1700","No","trial_2",4,"0","summa.wav","no_QUD",8.71666666666667,61,"age1","no"
"379","1400","No","trial_2",4,"5","two.wav","no_QUD",8.71666666666667,62,"age1","no"
"380","1300","No","trial_2",4,"13","none.wav","no_QUD",8.71666666666667,63,"age1","no"
"381","2200","Yes","trial_2",4,"2","summa.wav","no_QUD",8.71666666666667,64,"age1","no"
"382","1700","No","trial_2",4,"2","twelve.wav","no_QUD",8.71666666666667,65,"age1","no"
"383","1500","No","trial_2",4,"13","five.wav","no_QUD",8.71666666666667,66,"age1","no"
"384","2800","Yes","trial_2",4,"8","eight.wav","no_QUD",8.71666666666667,67,"age1","no"
"385","2200","No","trial_2",4,"13","summa.wav","no_QUD",8.71666666666667,68,"age1","no"
"386","1600","Yes","trial_2",4,"13","all.wav","no_QUD",8.71666666666667,69,"age1","no"
"387","1300","No","trial_2",4,"13","summa.wav","no_QUD",8.71666666666667,70,"age1","no"
"388","2100","Yes","trial_2",4,"5","five.wav","no_QUD",8.71666666666667,71,"age1","no"
"389","1400","No","trial_2",4,"0","summa.wav","no_QUD",8.71666666666667,72,"age1","no"
"390","1600","Yes","trial_2",4,"2","two.wav","no_QUD",8.71666666666667,73,"age1","no"
"391","2400","Yes","trial_2",4,"11","summa.wav","no_QUD",8.71666666666667,74,"age1","no"
"392","1300","No","trial_2",4,"0","all.wav","no_QUD",8.71666666666667,75,"age1","no"
"393","1600","Yes","trial_2",4,"13","all.wav","no_QUD",8.71666666666667,76,"age1","no"
"394","1800","Yes","trial_2",4,"0","none.wav","no_QUD",8.71666666666667,77,"age1","no"
"395","1400","No","trial_2",4,"11","all.wav","no_QUD",8.71666666666667,78,"age1","no"
"396","1500","No","trial_2",4,"2","none.wav","no_QUD",8.71666666666667,79,"age1","no"
"397","1500","No","trial_2",4,"5","nine.wav","no_QUD",8.71666666666667,80,"age1","no"
"398","1800","No","trial_2",4,"8","two.wav","no_QUD",8.71666666666667,81,"age1","no"
"399","4700","Yes","trial_2",4,"11","eleven.wav","no_QUD",8.71666666666667,82,"age1","no"
"400","0","Elizabeth","bot_check",5,"Elizabeth","","no_QUD",23.7498666666667,1,"age1","no"
"401","0","Four","audio_check",5,"","","no_QUD",23.7498666666667,3,"age1","no"
"402","1562785676777","Yes","practice_trial",5,"13","none.wav","no_QUD",23.7498666666667,6,"age1","no"
"403","1562785679822","Yes","practice_trial",5,"13","all.wav","no_QUD",23.7498666666667,7,"age1","no"
"404","1343","Yes","practice_trial",5,"0","all.wav","no_QUD",23.7498666666667,8,"age1","no"
"405","1318","Yes","practice_trial",5,"0","none.wav","no_QUD",23.7498666666667,9,"age1","no"
"406","1562785687502","Yes","trial_1",5,"13","summa.wav","no_QUD",23.7498666666667,11,"age1","no"
"407","1523","Yes","trial_1",5,"0","none.wav","no_QUD",23.7498666666667,12,"age1","no"
"408","1121","Yes","trial_1",5,"8","summa.wav","no_QUD",23.7498666666667,13,"age1","no"
"409","1537","No","trial_1",5,"2","all.wav","no_QUD",23.7498666666667,14,"age1","no"
"410","1329","Yes","trial_1",5,"13","all.wav","no_QUD",23.7498666666667,15,"age1","no"
"411","1121","No","trial_1",5,"0","summa.wav","no_QUD",23.7498666666667,16,"age1","no"
"412","1749","No","trial_1",5,"11","thirteen.wav","no_QUD",23.7498666666667,17,"age1","no"
"413","1329","Yes","trial_1",5,"13","all.wav","no_QUD",23.7498666666667,18,"age1","no"
"414","1562785706897","No","trial_1",5,"13","summa.wav","no_QUD",23.7498666666667,19,"age1","no"
"415","1357","Yes","trial_1",5,"2","two.wav","no_QUD",23.7498666666667,20,"age1","no"
"416","1386","Yes","trial_1",5,"5","all.wav","no_QUD",23.7498666666667,21,"age1","no"
"417","1562785714592","Yes","trial_1",5,"13","eight.wav","no_QUD",23.7498666666667,22,"age1","no"
"418","1581","Yes","trial_1",5,"8","eight.wav","no_QUD",23.7498666666667,23,"age1","no"
"419","1543","No","trial_1",5,"8","none.wav","no_QUD",23.7498666666667,24,"age1","no"
"420","1562785727091","Yes","trial_1",5,"2","two.wav","no_QUD",23.7498666666667,25,"age1","no"
"421","2169","Yes","trial_1",5,"8","eleven.wav","no_QUD",23.7498666666667,26,"age1","no"
"422","1562785738128","Yes","trial_1",5,"5","four.wav","no_QUD",23.7498666666667,27,"age1","no"
"423","1562785745043","Yes","trial_1",5,"0","five.wav","no_QUD",23.7498666666667,28,"age1","no"
"424","1562785752993","No","trial_1",5,"13","summa.wav","no_QUD",23.7498666666667,29,"age1","no"
"425","1452","Yes","trial_1",5,"11","all.wav","no_QUD",23.7498666666667,30,"age1","no"
"426","1511","Yes","trial_1",5,"5","ten.wav","no_QUD",23.7498666666667,31,"age1","no"
"427","1225","Yes","trial_1",5,"13","summa.wav","no_QUD",23.7498666666667,32,"age1","no"
"428","1255","Yes","trial_1",5,"2","two.wav","no_QUD",23.7498666666667,33,"age1","no"
"429","1318","Yes","trial_1",5,"5","summa.wav","no_QUD",23.7498666666667,34,"age1","no"
"430","1433","Yes","trial_1",5,"11","eleven.wav","no_QUD",23.7498666666667,35,"age1","no"
"431","1641","Yes","trial_1",5,"13","all.wav","no_QUD",23.7498666666667,36,"age1","no"
"432","1391","Yes","trial_1",5,"0","none.wav","no_QUD",23.7498666666667,37,"age1","no"
"433","1374","No","trial_1",5,"5","five.wav","no_QUD",23.7498666666667,38,"age1","no"
"434","1314","No","trial_1",5,"11","seven.wav","no_QUD",23.7498666666667,39,"age1","no"
"435","1256","Yes","trial_1",5,"0","all.wav","no_QUD",23.7498666666667,40,"age1","no"
"436","1267","No","trial_1",5,"2","two.wav","no_QUD",23.7498666666667,41,"age1","no"
"437","1492","No","trial_1",5,"13","all.wav","no_QUD",23.7498666666667,42,"age1","no"
"438","1511","Yes","trial_1",5,"0","eleven.wav","no_QUD",23.7498666666667,43,"age1","no"
"439","1220","No","trial_1",5,"8","eight.wav","no_QUD",23.7498666666667,44,"age1","no"
"440","1482","No","trial_1",5,"11","none.wav","no_QUD",23.7498666666667,45,"age1","no"
"441","1705","No","trial_1",5,"0","summa.wav","no_QUD",23.7498666666667,46,"age1","no"
"442","1562785794708","No","trial_2",5,"8","all.wav","no_QUD",23.7498666666667,47,"age1","no"
"443","1569","Yes","trial_2",5,"2","two.wav","no_QUD",23.7498666666667,48,"age1","no"
"444","1688","Yes","trial_2",5,"2","summa.wav","no_QUD",23.7498666666667,49,"age1","no"
"445","1121","No","trial_2",5,"5","all.wav","no_QUD",23.7498666666667,50,"age1","no"
"446","1373","No","trial_2",5,"13","summa.wav","no_QUD",23.7498666666667,51,"age1","no"
"447","1616","Yes","trial_2",5,"13","all.wav","no_QUD",23.7498666666667,52,"age1","no"
"448","1932","No","trial_2",5,"8","eight.wav","no_QUD",23.7498666666667,53,"age1","no"
"449","2034","No","trial_2",5,"0","none.wav","no_QUD",23.7498666666667,54,"age1","no"
"450","1853","Yes","trial_2",5,"11","one.wav","no_QUD",23.7498666666667,55,"age1","no"
"451","1611","Yes","trial_2",5,"13","ten.wav","no_QUD",23.7498666666667,56,"age1","no"
"452","1452","Yes","trial_2",5,"5","two.wav","no_QUD",23.7498666666667,57,"age1","no"
"453","1811","Yes","trial_2",5,"5","five.wav","no_QUD",23.7498666666667,58,"age1","no"
"454","1510","No","trial_2",5,"13","summa.wav","no_QUD",23.7498666666667,59,"age1","no"
"455","1118","Yes","trial_2",5,"0","summa.wav","no_QUD",23.7498666666667,60,"age1","no"
"456","1103","Yes","trial_2",5,"13","all.wav","no_QUD",23.7498666666667,61,"age1","no"
"457","1451","Yes","trial_2",5,"13","none.wav","no_QUD",23.7498666666667,62,"age1","no"
"458","1675","No","trial_2",5,"8","eight.wav","no_QUD",23.7498666666667,63,"age1","no"
"459","1376","No","trial_2",5,"0","three.wav","no_QUD",23.7498666666667,64,"age1","no"
"460","1075","Yes","trial_2",5,"8","two.wav","no_QUD",23.7498666666667,65,"age1","no"
"461","1465","Yes","trial_2",5,"8","eight.wav","no_QUD",23.7498666666667,66,"age1","no"
"462","1180","No","trial_2",5,"0","none.wav","no_QUD",23.7498666666667,67,"age1","no"
"463","1209","No","trial_2",5,"13","summa.wav","no_QUD",23.7498666666667,68,"age1","no"
"464","1343","Yes","trial_2",5,"2","two.wav","no_QUD",23.7498666666667,69,"age1","no"
"465","1536","No","trial_2",5,"13","five.wav","no_QUD",23.7498666666667,70,"age1","no"
"466","1567","No","trial_2",5,"13","all.wav","no_QUD",23.7498666666667,71,"age1","no"
"467","1447","Yes","trial_2",5,"0","all.wav","no_QUD",23.7498666666667,72,"age1","no"
"468","1523","Yes","trial_2",5,"11","summa.wav","no_QUD",23.7498666666667,73,"age1","no"
"469","1405","Yes","trial_2",5,"2","twelve.wav","no_QUD",23.7498666666667,74,"age1","no"
"470","1585","Yes","trial_2",5,"0","summa.wav","no_QUD",23.7498666666667,75,"age1","no"
"471","1355","No","trial_2",5,"13","summa.wav","no_QUD",23.7498666666667,76,"age1","no"
"472","1196","Yes","trial_2",5,"2","none.wav","no_QUD",23.7498666666667,77,"age1","no"
"473","1250","Yes","trial_2",5,"5","nine.wav","no_QUD",23.7498666666667,78,"age1","no"
"474","1377","Yes","trial_2",5,"5","five.wav","no_QUD",23.7498666666667,79,"age1","no"
"475","1562785872680","No","trial_2",5,"13","all.wav","no_QUD",23.7498666666667,80,"age1","no"
"476","1562785876864","No","trial_2",5,"11","eleven.wav","no_QUD",23.7498666666667,81,"age1","no"
"477","1562785882879","No","trial_2",5,"11","all.wav","no_QUD",23.7498666666667,82,"age1","no"
"478","0","Margaret","bot_check",6,"Margaret","","all_QUD",9.38555,1,"age2","all"
"479","0","Four","audio_check",6,"","","all_QUD",9.38555,3,"age2","all"
"480","0","Empty","comprehension_check_1",6,"","","all_QUD",9.38555,4,"age2","all"
"481","1562784252932","No","practice_trial",6,"13","none.wav","all_QUD",9.38555,6,"age2","all"
"482","1562784258284","Yes","practice_trial",6,"13","all.wav","all_QUD",9.38555,7,"age2","all"
"483","1562784263932","No","practice_trial",6,"0","all.wav","all_QUD",9.38555,8,"age2","all"
"484","1562784269620","Yes","practice_trial",6,"0","none.wav","all_QUD",9.38555,9,"age2","all"
"485","1451","No","trial_1",6,"5","all.wav","all_QUD",9.38555,11,"age2","all"
"486","6240","No","trial_1",6,"8","eleven.wav","all_QUD",9.38555,12,"age2","all"
"487","2893","No","trial_1",6,"13","eight.wav","all_QUD",9.38555,13,"age2","all"
"488","2066","No","trial_1",6,"0","summa.wav","all_QUD",9.38555,14,"age2","all"
"489","1964","No","trial_1",6,"8","none.wav","all_QUD",9.38555,15,"age2","all"
"490","2804","No","trial_1",6,"5","four.wav","all_QUD",9.38555,16,"age2","all"
"491","4563","No","trial_1",6,"11","thirteen.wav","all_QUD",9.38555,17,"age2","all"
"492","1539","Yes","trial_1",6,"2","two.wav","all_QUD",9.38555,18,"age2","all"
"493","1450","Yes","trial_1",6,"0","none.wav","all_QUD",9.38555,19,"age2","all"
"494","2036","No","trial_1",6,"13","summa.wav","all_QUD",9.38555,20,"age2","all"
"495","1595","No","trial_1",6,"13","summa.wav","all_QUD",9.38555,21,"age2","all"
"496","1130","Yes","trial_1",6,"13","all.wav","all_QUD",9.38555,22,"age2","all"
"497","1122","No","trial_1",6,"2","all.wav","all_QUD",9.38555,23,"age2","all"
"498","1234","No","trial_1",6,"0","five.wav","all_QUD",9.38555,24,"age2","all"
"499","1377","Yes","trial_1",6,"8","eight.wav","all_QUD",9.38555,25,"age2","all"
"500","1233","Yes","trial_1",6,"2","two.wav","all_QUD",9.38555,26,"age2","all"
"501","2115","Yes","trial_1",6,"8","summa.wav","all_QUD",9.38555,27,"age2","all"
"502","1099","Yes","trial_1",6,"13","all.wav","all_QUD",9.38555,28,"age2","all"
"503","1299","No","trial_1",6,"0","all.wav","all_QUD",9.38555,29,"age2","all"
"504","985","Yes","trial_1",6,"13","all.wav","all_QUD",9.38555,30,"age2","all"
"505","1034","Yes","trial_1",6,"13","all.wav","all_QUD",9.38555,31,"age2","all"
"506","1289","No","trial_1",6,"0","summa.wav","all_QUD",9.38555,32,"age2","all"
"507","3364","Yes","trial_1",6,"11","eleven.wav","all_QUD",9.38555,33,"age2","all"
"508","1547","No","trial_1",6,"13","summa.wav","all_QUD",9.38555,34,"age2","all"
"509","3564","Yes","trial_1",6,"8","eight.wav","all_QUD",9.38555,35,"age2","all"
"510","1420","Yes","trial_1",6,"0","none.wav","all_QUD",9.38555,36,"age2","all"
"511","1459","No","trial_1",6,"5","ten.wav","all_QUD",9.38555,37,"age2","all"
"512","1715","Yes","trial_1",6,"5","summa.wav","all_QUD",9.38555,38,"age2","all"
"513","1357","No","trial_1",6,"11","all.wav","all_QUD",9.38555,39,"age2","all"
"514","1108","Yes","trial_1",6,"2","two.wav","all_QUD",9.38555,40,"age2","all"
"515","1282","No","trial_1",6,"0","eleven.wav","all_QUD",9.38555,41,"age2","all"
"516","1209","Yes","trial_1",6,"5","five.wav","all_QUD",9.38555,42,"age2","all"
"517","2235","No","trial_1",6,"11","seven.wav","all_QUD",9.38555,43,"age2","all"
"518","1723","No","trial_1",6,"11","none.wav","all_QUD",9.38555,44,"age2","all"
"519","1144","Yes","trial_1",6,"2","two.wav","all_QUD",9.38555,45,"age2","all"
"520","1683","No","trial_1",6,"13","summa.wav","all_QUD",9.38555,46,"age2","all"
"521","0","Empty","comprehension_check_2",6,"","","all_QUD",9.38555,47,"age2","all"
"522","1914","No","trial_2",6,"13","none.wav","all_QUD",9.38555,48,"age2","all"
"523","1139","Yes","trial_2",6,"13","all.wav","all_QUD",9.38555,49,"age2","all"
"524","1267","No","trial_2",6,"0","three.wav","all_QUD",9.38555,50,"age2","all"
"525","1283","No","trial_2",6,"8","all.wav","all_QUD",9.38555,51,"age2","all"
"526","1268","Yes","trial_2",6,"2","two.wav","all_QUD",9.38555,52,"age2","all"
"527","834","Yes","trial_2",6,"13","all.wav","all_QUD",9.38555,53,"age2","all"
"528","1201","Yes","trial_2",6,"8","eight.wav","all_QUD",9.38555,54,"age2","all"
"529","1217","No","trial_2",6,"5","two.wav","all_QUD",9.38555,55,"age2","all"
"530","2443","No","trial_2",6,"13","ten.wav","all_QUD",9.38555,56,"age2","all"
"531","1587","No","trial_2",6,"13","summa.wav","all_QUD",9.38555,57,"age2","all"
"532","1162","Yes","trial_2",6,"5","five.wav","all_QUD",9.38555,58,"age2","all"
"533","1419","No","trial_2",6,"2","summa.wav","all_QUD",9.38555,59,"age2","all"
"534","1843","No","trial_2",6,"11","one.wav","all_QUD",9.38555,60,"age2","all"
"535","1594","No","trial_2",6,"13","summa.wav","all_QUD",9.38555,61,"age2","all"
"536","1371","Yes","trial_2",6,"0","none.wav","all_QUD",9.38555,62,"age2","all"
"537","1131","No","trial_2",6,"0","summa.wav","all_QUD",9.38555,63,"age2","all"
"538","1417","Yes","trial_2",6,"8","eight.wav","all_QUD",9.38555,64,"age2","all"
"539","1156","No","trial_2",6,"5","all.wav","all_QUD",9.38555,65,"age2","all"
"540","2939","Yes","trial_2",6,"11","eleven.wav","all_QUD",9.38555,66,"age2","all"
"541","1395","No","trial_2",6,"13","summa.wav","all_QUD",9.38555,67,"age2","all"
"542","2322","No","trial_2",6,"8","two.wav","all_QUD",9.38555,68,"age2","all"
"543","1236","Yes","trial_2",6,"0","none.wav","all_QUD",9.38555,69,"age2","all"
"544","1124","No","trial_2",6,"0","all.wav","all_QUD",9.38555,70,"age2","all"
"545","1395","No","trial_2",6,"11","all.wav","all_QUD",9.38555,71,"age2","all"
"546","1868","No","trial_2",6,"13","summa.wav","all_QUD",9.38555,72,"age2","all"
"547","1219","No","trial_2",6,"2","none.wav","all_QUD",9.38555,73,"age2","all"
"548","1164","No","trial_2",6,"5","nine.wav","all_QUD",9.38555,74,"age2","all"
"549","1171","Yes","trial_2",6,"5","five.wav","all_QUD",9.38555,75,"age2","all"
"550","1250","No","trial_2",6,"2","twelve.wav","all_QUD",9.38555,76,"age2","all"
"551","1339","No","trial_2",6,"13","five.wav","all_QUD",9.38555,77,"age2","all"
"552","1570","Yes","trial_2",6,"8","eight.wav","all_QUD",9.38555,78,"age2","all"
"553","2067","Yes","trial_2",6,"11","summa.wav","all_QUD",9.38555,79,"age2","all"
"554","1499","No","trial_2",6,"0","summa.wav","all_QUD",9.38555,80,"age2","all"
"555","1148","Yes","trial_2",6,"13","all.wav","all_QUD",9.38555,81,"age2","all"
"556","1313","Yes","trial_2",6,"2","two.wav","all_QUD",9.38555,82,"age2","all"
"557","1371","Yes","trial_2",6,"13","all.wav","all_QUD",9.38555,83,"age2","all"
"558","0","Jennifer","bot_check",7,"Jennifer","","all_QUD",8.23926666666667,1,"age2","all"
"559","0","Four","audio_check",7,"","","all_QUD",8.23926666666667,3,"age2","all"
"560","0","Empty","comprehension_check_1",7,"","","all_QUD",8.23926666666667,4,"age2","all"
"561","1562784482585","No","practice_trial",7,"13","none.wav","all_QUD",8.23926666666667,6,"age2","all"
"562","1562784487648","Yes","practice_trial",7,"13","all.wav","all_QUD",8.23926666666667,7,"age2","all"
"563","1562784492685","No","practice_trial",7,"0","all.wav","all_QUD",8.23926666666667,8,"age2","all"
"564","1562784497440","Yes","practice_trial",7,"0","none.wav","all_QUD",8.23926666666667,9,"age2","all"
"565","1298","Yes","trial_1",7,"2","two.wav","all_QUD",8.23926666666667,11,"age2","all"
"566","2874","No","trial_1",7,"5","four.wav","all_QUD",8.23926666666667,12,"age2","all"
"567","2185","No","trial_1",7,"13","summa.wav","all_QUD",8.23926666666667,13,"age2","all"
"568","1376","No","trial_1",7,"5","all.wav","all_QUD",8.23926666666667,14,"age2","all"
"569","1361","No","trial_1",7,"8","none.wav","all_QUD",8.23926666666667,15,"age2","all"
"570","1794","Yes","trial_1",7,"8","summa.wav","all_QUD",8.23926666666667,16,"age2","all"
"571","867","Yes","trial_1",7,"13","all.wav","all_QUD",8.23926666666667,17,"age2","all"
"572","3801","Yes","trial_1",7,"8","eight.wav","all_QUD",8.23926666666667,18,"age2","all"
"573","1684","No","trial_1",7,"13","summa.wav","all_QUD",8.23926666666667,19,"age2","all"
"574","1089","Yes","trial_1",7,"2","two.wav","all_QUD",8.23926666666667,20,"age2","all"
"575","1504","No","trial_1",7,"0","five.wav","all_QUD",8.23926666666667,21,"age2","all"
"576","3343","No","trial_1",7,"8","eleven.wav","all_QUD",8.23926666666667,22,"age2","all"
"577","1322","No","trial_1",7,"0","summa.wav","all_QUD",8.23926666666667,23,"age2","all"
"578","1306","Yes","trial_1",7,"0","none.wav","all_QUD",8.23926666666667,24,"age2","all"
"579","4728","No","trial_1",7,"11","thirteen.wav","all_QUD",8.23926666666667,25,"age2","all"
"580","1222","No","trial_1",7,"13","eight.wav","all_QUD",8.23926666666667,26,"age2","all"
"581","745","Yes","trial_1",7,"13","all.wav","all_QUD",8.23926666666667,27,"age2","all"
"582","1251","No","trial_1",7,"2","all.wav","all_QUD",8.23926666666667,28,"age2","all"
"583","1217","No","trial_1",7,"0","summa.wav","all_QUD",8.23926666666667,29,"age2","all"
"584","975","Yes","trial_1",7,"2","two.wav","all_QUD",8.23926666666667,30,"age2","all"
"585","2511","No","trial_1",7,"8","eight.wav","all_QUD",8.23926666666667,31,"age2","all"
"586","1323","No","trial_1",7,"11","all.wav","all_QUD",8.23926666666667,32,"age2","all"
"587","1111","No","trial_1",7,"0","all.wav","all_QUD",8.23926666666667,33,"age2","all"
"588","1539","No","trial_1",7,"13","summa.wav","all_QUD",8.23926666666667,34,"age2","all"
"589","1264","No","trial_1",7,"13","summa.wav","all_QUD",8.23926666666667,35,"age2","all"
"590","1125","Yes","trial_1",7,"5","five.wav","all_QUD",8.23926666666667,36,"age2","all"
"591","1153","Yes","trial_1",7,"2","two.wav","all_QUD",8.23926666666667,37,"age2","all"
"592","3940","Yes","trial_1",7,"11","eleven.wav","all_QUD",8.23926666666667,38,"age2","all"
"593","1537","No","trial_1",7,"11","none.wav","all_QUD",8.23926666666667,39,"age2","all"
"594","1246","No","trial_1",7,"5","ten.wav","all_QUD",8.23926666666667,40,"age2","all"
"595","1352","No","trial_1",7,"0","none.wav","all_QUD",8.23926666666667,41,"age2","all"
"596","1019","Yes","trial_1",7,"13","all.wav","all_QUD",8.23926666666667,42,"age2","all"
"597","1080","Yes","trial_1",7,"13","all.wav","all_QUD",8.23926666666667,43,"age2","all"
"598","1580","No","trial_1",7,"0","eleven.wav","all_QUD",8.23926666666667,44,"age2","all"
"599","1553","Yes","trial_1",7,"5","summa.wav","all_QUD",8.23926666666667,45,"age2","all"
"600","1797","No","trial_1",7,"11","seven.wav","all_QUD",8.23926666666667,46,"age2","all"
"601","0","Empty","comprehension_check_2",7,"","","all_QUD",8.23926666666667,47,"age2","all"
"602","1326","No","trial_2",7,"8","all.wav","all_QUD",8.23926666666667,48,"age2","all"
"603","820","Yes","trial_2",7,"13","all.wav","all_QUD",8.23926666666667,49,"age2","all"
"604","975","Yes","trial_2",7,"13","all.wav","all_QUD",8.23926666666667,50,"age2","all"
"605","3118","Yes","trial_2",7,"8","eight.wav","all_QUD",8.23926666666667,51,"age2","all"
"606","1284","Yes","trial_2",7,"0","none.wav","all_QUD",8.23926666666667,52,"age2","all"
"607","1124","No","trial_2",7,"5","all.wav","all_QUD",8.23926666666667,53,"age2","all"
"608","1208","Yes","trial_2",7,"2","two.wav","all_QUD",8.23926666666667,54,"age2","all"
"609","1795","Yes","trial_2",7,"2","summa.wav","all_QUD",8.23926666666667,55,"age2","all"
"610","1517","No","trial_2",7,"0","summa.wav","all_QUD",8.23926666666667,56,"age2","all"
"611","1674","Yes","trial_2",7,"5","five.wav","all_QUD",8.23926666666667,57,"age2","all"
"612","1409","No","trial_2",7,"13","summa.wav","all_QUD",8.23926666666667,58,"age2","all"
"613","2923","Yes","trial_2",7,"8","eight.wav","all_QUD",8.23926666666667,59,"age2","all"
"614","1531","No","trial_2",7,"13","summa.wav","all_QUD",8.23926666666667,60,"age2","all"
"615","2837","No","trial_2",7,"13","ten.wav","all_QUD",8.23926666666667,61,"age2","all"
"616","1705","No","trial_2",7,"13","none.wav","all_QUD",8.23926666666667,62,"age2","all"
"617","1758","No","trial_2",7,"11","one.wav","all_QUD",8.23926666666667,63,"age2","all"
"618","1146","No","trial_2",7,"0","three.wav","all_QUD",8.23926666666667,64,"age2","all"
"619","1056","No","trial_2",7,"5","two.wav","all_QUD",8.23926666666667,65,"age2","all"
"620","803","Yes","trial_2",7,"13","all.wav","all_QUD",8.23926666666667,66,"age2","all"
"621","1080","No","trial_2",7,"2","twelve.wav","all_QUD",8.23926666666667,67,"age2","all"
"622","2065","Yes","trial_2",7,"13","all.wav","all_QUD",8.23926666666667,68,"age2","all"
"623","974","No","trial_2",7,"2","none.wav","all_QUD",8.23926666666667,69,"age2","all"
"624","902","Yes","trial_2",7,"5","five.wav","all_QUD",8.23926666666667,70,"age2","all"
"625","1037","No","trial_2",7,"0","summa.wav","all_QUD",8.23926666666667,71,"age2","all"
"626","5811","Yes","trial_2",7,"11","summa.wav","all_QUD",8.23926666666667,72,"age2","all"
"627","1150","No","trial_2",7,"13","five.wav","all_QUD",8.23926666666667,73,"age2","all"
"628","1496","Yes","trial_2",7,"11","eleven.wav","all_QUD",8.23926666666667,74,"age2","all"
"629","1399","No","trial_2",7,"8","two.wav","all_QUD",8.23926666666667,75,"age2","all"
"630","3022","No","trial_2",7,"13","summa.wav","all_QUD",8.23926666666667,76,"age2","all"
"631","952","Yes","trial_2",7,"0","none.wav","all_QUD",8.23926666666667,77,"age2","all"
"632","1237","No","trial_2",7,"11","all.wav","all_QUD",8.23926666666667,78,"age2","all"
"633","3065","Yes","trial_2",7,"8","eight.wav","all_QUD",8.23926666666667,79,"age2","all"
"634","1170","Yes","trial_2",7,"2","two.wav","all_QUD",8.23926666666667,80,"age2","all"
"635","1055","No","trial_2",7,"5","nine.wav","all_QUD",8.23926666666667,81,"age2","all"
"636","1159","No","trial_2",7,"13","summa.wav","all_QUD",8.23926666666667,82,"age2","all"
"637","919","No","trial_2",7,"0","all.wav","all_QUD",8.23926666666667,83,"age2","all"
"638","0","jennifer","bot_check",8,"Jennifer","","any_QUD",13.6845,1,"age2","any"
"639","0","Four","audio_check",8,"","","any_QUD",13.6845,3,"age2","any"
"640","0","Jam","comprehension_check_1",8,"","","any_QUD",13.6845,4,"age2","any"
"641","3113","No","practice_trial",8,"13","none.wav","any_QUD",13.6845,6,"age2","any"
"642","2512","Yes","practice_trial",8,"13","all.wav","any_QUD",13.6845,7,"age2","any"
"643","2689","Yes","practice_trial",8,"0","all.wav","any_QUD",13.6845,8,"age2","any"
"644","2088","No","practice_trial",8,"0","none.wav","any_QUD",13.6845,9,"age2","any"
"645","1861","Yes","trial_1",8,"5","all.wav","any_QUD",13.6845,11,"age2","any"
"646","2338","No","trial_1",8,"0","five.wav","any_QUD",13.6845,12,"age2","any"
"647","3677","No","trial_1",8,"5","four.wav","any_QUD",13.6845,13,"age2","any"
"648","3903","Yes","trial_1",8,"2","two.wav","any_QUD",13.6845,14,"age2","any"
"649","6050","No","trial_1",8,"11","thirteen.wav","any_QUD",13.6845,15,"age2","any"
"650","10498","No","trial_1",8,"8","none.wav","any_QUD",13.6845,16,"age2","any"
"651","6973","Yes","trial_1",8,"8","summa.wav","any_QUD",13.6845,17,"age2","any"
"652","2226","No","trial_1",8,"2","all.wav","any_QUD",13.6845,18,"age2","any"
"653","4308","No","trial_1",8,"13","eight.wav","any_QUD",13.6845,19,"age2","any"
"654","4015","Yes","trial_1",8,"8","eight.wav","any_QUD",13.6845,20,"age2","any"
"655","2518","Yes","trial_1",8,"0","none.wav","any_QUD",13.6845,21,"age2","any"
"656","2798","No","trial_1",8,"13","summa.wav","any_QUD",13.6845,22,"age2","any"
"657","22615","Yes","trial_1",8,"13","summa.wav","any_QUD",13.6845,23,"age2","any"
"658","2004","Yes","trial_1",8,"13","all.wav","any_QUD",13.6845,24,"age2","any"
"659","7769","No","trial_1",8,"8","eleven.wav","any_QUD",13.6845,25,"age2","any"
"660","2409","No","trial_1",8,"0","summa.wav","any_QUD",13.6845,26,"age2","any"
"661","2384","Yes","trial_1",8,"13","all.wav","any_QUD",13.6845,27,"age2","any"
"662","2601","Yes","trial_1",8,"2","two.wav","any_QUD",13.6845,28,"age2","any"
"663","2213","No","trial_1",8,"0","all.wav","any_QUD",13.6845,29,"age2","any"
"664","1760","Yes","trial_1",8,"0","none.wav","any_QUD",13.6845,30,"age2","any"
"665","1980","No","trial_1",8,"13","summa.wav","any_QUD",13.6845,31,"age2","any"
"666","1902","Yes","trial_1",8,"0","summa.wav","any_QUD",13.6845,32,"age2","any"
"667","2105","Yes","trial_1",8,"2","two.wav","any_QUD",13.6845,33,"age2","any"
"668","1017","Yes","trial_1",8,"13","all.wav","any_QUD",13.6845,34,"age2","any"
"669","1982","No","trial_1",8,"0","eleven.wav","any_QUD",13.6845,35,"age2","any"
"670","1940","No","trial_1",8,"13","summa.wav","any_QUD",13.6845,36,"age2","any"
"671","1853","Yes","trial_1",8,"5","summa.wav","any_QUD",13.6845,37,"age2","any"
"672","3108","Yes","trial_1",8,"5","five.wav","any_QUD",13.6845,38,"age2","any"
"673","1638","Yes","trial_1",8,"13","all.wav","any_QUD",13.6845,39,"age2","any"
"674","1769","Yes","trial_1",8,"11","seven.wav","any_QUD",13.6845,40,"age2","any"
"675","5251","Yes","trial_1",8,"8","eight.wav","any_QUD",13.6845,41,"age2","any"
"676","4109","Yes","trial_1",8,"2","two.wav","any_QUD",13.6845,42,"age2","any"
"677","3853","No","trial_1",8,"11","none.wav","any_QUD",13.6845,43,"age2","any"
"678","8391","Yes","trial_1",8,"11","eleven.wav","any_QUD",13.6845,44,"age2","any"
"679","3853","No","trial_1",8,"11","all.wav","any_QUD",13.6845,45,"age2","any"
"680","2996","No","trial_1",8,"5","ten.wav","any_QUD",13.6845,46,"age2","any"
"681","0","Jam","comprehension_check_2",8,"","","any_QUD",13.6845,47,"age2","any"
"682","2727","Yes","trial_2",8,"2","two.wav","any_QUD",13.6845,48,"age2","any"
"683","2194","No","trial_2",8,"11","one.wav","any_QUD",13.6845,49,"age2","any"
"684","5065","No","trial_2",8,"13","ten.wav","any_QUD",13.6845,50,"age2","any"
"685","3952","Yes","trial_2",8,"13","none.wav","any_QUD",13.6845,51,"age2","any"
"686","1928","No","trial_2",8,"0","summa.wav","any_QUD",13.6845,52,"age2","any"
"687","4069","Yes","trial_2",8,"5","five.wav","any_QUD",13.6845,53,"age2","any"
"688","1951","Yes","trial_2",8,"5","two.wav","any_QUD",13.6845,54,"age2","any"
"689","2355","Yes","trial_2",8,"13","all.wav","any_QUD",13.6845,55,"age2","any"
"690","3951","Yes","trial_2",8,"8","eight.wav","any_QUD",13.6845,56,"age2","any"
"691","2691","Yes","trial_2",8,"0","none.wav","any_QUD",13.6845,57,"age2","any"
"692","2096","No","trial_2",8,"8","all.wav","any_QUD",13.6845,58,"age2","any"
"693","3985","No","trial_2",8,"0","three.wav","any_QUD",13.6845,59,"age2","any"
"694","3228","Yes","trial_2",8,"2","summa.wav","any_QUD",13.6845,60,"age2","any"
"695","1679","No","trial_2",8,"13","summa.wav","any_QUD",13.6845,61,"age2","any"
"696","2900","No","trial_2",8,"5","all.wav","any_QUD",13.6845,62,"age2","any"
"697","12297","No","trial_2",8,"8","eight.wav","any_QUD",13.6845,63,"age2","any"
"698","2139","No","trial_2",8,"13","summa.wav","any_QUD",13.6845,64,"age2","any"
"699","2954","Yes","trial_2",8,"13","all.wav","any_QUD",13.6845,65,"age2","any"
"700","3174","Yes","trial_2",8,"0","none.wav","any_QUD",13.6845,66,"age2","any"
"701","3800","Yes","trial_2",8,"11","summa.wav","any_QUD",13.6845,67,"age2","any"
"702","4160","Yes","trial_2",8,"8","eight.wav","any_QUD",13.6845,68,"age2","any"
"703","2882","No","trial_2",8,"13","five.wav","any_QUD",13.6845,69,"age2","any"
"704","6363","No","trial_2",8,"2","none.wav","any_QUD",13.6845,70,"age2","any"
"705","2084","Yes","trial_2",8,"13","all.wav","any_QUD",13.6845,71,"age2","any"
"706","2698","No","trial_2",8,"5","nine.wav","any_QUD",13.6845,72,"age2","any"
"707","2110","No","trial_2",8,"13","summa.wav","any_QUD",13.6845,73,"age2","any"
"708","3517","No","trial_2",8,"13","summa.wav","any_QUD",13.6845,74,"age2","any"
"709","3587","Yes","trial_2",8,"11","all.wav","any_QUD",13.6845,75,"age2","any"
"710","6675","Yes","trial_2",8,"11","eleven.wav","any_QUD",13.6845,76,"age2","any"
"711","2292","Yes","trial_2",8,"2","twelve.wav","any_QUD",13.6845,77,"age2","any"
"712","1954","Yes","trial_2",8,"8","two.wav","any_QUD",13.6845,78,"age2","any"
"713","8141","Yes","trial_2",8,"0","all.wav","any_QUD",13.6845,79,"age2","any"
"714","2913","No","trial_2",8,"13","all.wav","any_QUD",13.6845,80,"age2","any"
"715","3579","Yes","trial_2",8,"5","five.wav","any_QUD",13.6845,81,"age2","any"
"716","2470","Yes","trial_2",8,"2","two.wav","any_QUD",13.6845,82,"age2","any"
"717","2879","Yes","trial_2",8,"0","summa.wav","any_QUD",13.6845,83,"age2","any"
"718","0","Jessica","bot_check",9,"Jessica","","any_QUD",16.04895,1,"age2","any"
"719","0","Four","audio_check",9,"","","any_QUD",16.04895,3,"age2","any"
"720","0","Jam","comprehension_check_1",9,"","","any_QUD",16.04895,4,"age2","any"
"721","6065","Yes","practice_trial",9,"13","none.wav","any_QUD",16.04895,6,"age2","any"
"722","3264","No","practice_trial",9,"13","all.wav","any_QUD",16.04895,7,"age2","any"
"723","3865","Yes","practice_trial",9,"0","all.wav","any_QUD",16.04895,8,"age2","any"
"724","7418","Yes","practice_trial",9,"0","none.wav","any_QUD",16.04895,9,"age2","any"
"725","3105","Yes","trial_1",9,"0","none.wav","any_QUD",16.04895,11,"age2","any"
"726","1770","No","trial_1",9,"8","none.wav","any_QUD",16.04895,12,"age2","any"
"727","3532","No","trial_1",9,"5","four.wav","any_QUD",16.04895,13,"age2","any"
"728","9062","No","trial_1",9,"2","two.wav","any_QUD",16.04895,14,"age2","any"
"729","2907","No","trial_1",9,"8","eight.wav","any_QUD",16.04895,15,"age2","any"
"730","2452","No","trial_1",9,"2","two.wav","any_QUD",16.04895,16,"age2","any"
"731","5301","Yes","trial_1",9,"13","summa.wav","any_QUD",16.04895,17,"age2","any"
"732","3382","No","trial_1",9,"13","all.wav","any_QUD",16.04895,18,"age2","any"
"733","3078","Yes","trial_1",9,"13","summa.wav","any_QUD",16.04895,19,"age2","any"
"734","10529","Yes","trial_1",9,"11","thirteen.wav","any_QUD",16.04895,20,"age2","any"
"735","3632","Yes","trial_1",9,"0","summa.wav","any_QUD",16.04895,21,"age2","any"
"736","4105","No","trial_1",9,"13","eight.wav","any_QUD",16.04895,22,"age2","any"
"737","1750","No","trial_1",9,"13","all.wav","any_QUD",16.04895,23,"age2","any"
"738","2419","Yes","trial_1",9,"0","five.wav","any_QUD",16.04895,24,"age2","any"
"739","4776","Yes","trial_1",9,"5","all.wav","any_QUD",16.04895,25,"age2","any"
"740","9186","Yes","trial_1",9,"8","eleven.wav","any_QUD",16.04895,26,"age2","any"
"741","4240","Yes","trial_1",9,"2","all.wav","any_QUD",16.04895,27,"age2","any"
"742","3626","No","trial_1",9,"8","summa.wav","any_QUD",16.04895,28,"age2","any"
"743","2473","Yes","trial_1",9,"13","all.wav","any_QUD",16.04895,29,"age2","any"
"744","2860","Yes","trial_1",9,"5","five.wav","any_QUD",16.04895,30,"age2","any"
"745","2462","No","trial_1",9,"13","summa.wav","any_QUD",16.04895,31,"age2","any"
"746","4867","No","trial_1",9,"0","all.wav","any_QUD",16.04895,32,"age2","any"
"747","1871","No","trial_1",9,"13","all.wav","any_QUD",16.04895,33,"age2","any"
"748","1902","No","trial_1",9,"2","two.wav","any_QUD",16.04895,34,"age2","any"
"749","13437","No","trial_1",9,"11","eleven.wav","any_QUD",16.04895,35,"age2","any"
"750","5421","Yes","trial_1",9,"8","eight.wav","any_QUD",16.04895,36,"age2","any"
"751","4374","No","trial_1",9,"5","ten.wav","any_QUD",16.04895,37,"age2","any"
"752","3444","No","trial_1",9,"11","none.wav","any_QUD",16.04895,38,"age2","any"
"753","1632","Yes","trial_1",9,"2","two.wav","any_QUD",16.04895,39,"age2","any"
"754","1953","No","trial_1",9,"11","all.wav","any_QUD",16.04895,40,"age2","any"
"755","1918","No","trial_1",9,"13","summa.wav","any_QUD",16.04895,41,"age2","any"
"756","1493","No","trial_1",9,"0","summa.wav","any_QUD",16.04895,42,"age2","any"
"757","4127","Yes","trial_1",9,"5","summa.wav","any_QUD",16.04895,43,"age2","any"
"758","2677","Yes","trial_1",9,"0","none.wav","any_QUD",16.04895,44,"age2","any"
"759","3074","No","trial_1",9,"0","eleven.wav","any_QUD",16.04895,45,"age2","any"
"760","3230","No","trial_1",9,"11","seven.wav","any_QUD",16.04895,46,"age2","any"
"761","0","Jam","comprehension_check_2",9,"","","any_QUD",16.04895,47,"age2","any"
"762","1833","Yes","trial_2",9,"5","five.wav","any_QUD",16.04895,48,"age2","any"
"763","3480","Yes","trial_2",9,"8","eight.wav","any_QUD",16.04895,49,"age2","any"
"764","3473","No","trial_2",9,"11","one.wav","any_QUD",16.04895,50,"age2","any"
"765","1883","No","trial_2",9,"13","summa.wav","any_QUD",16.04895,51,"age2","any"
"766","1748","No","trial_2",9,"13","none.wav","any_QUD",16.04895,52,"age2","any"
"767","1451","No","trial_2",9,"5","two.wav","any_QUD",16.04895,53,"age2","any"
"768","1813","Yes","trial_2",9,"13","all.wav","any_QUD",16.04895,54,"age2","any"
"769","4173","No","trial_2",9,"13","ten.wav","any_QUD",16.04895,55,"age2","any"
"770","3045","Yes","trial_2",9,"8","eight.wav","any_QUD",16.04895,56,"age2","any"
"771","1758","No","trial_2",9,"13","summa.wav","any_QUD",16.04895,57,"age2","any"
"772","3278","Yes","trial_2",9,"13","all.wav","any_QUD",16.04895,58,"age2","any"
"773","2157","No","trial_2",9,"0","three.wav","any_QUD",16.04895,59,"age2","any"
"774","3611","Yes","trial_2",9,"2","summa.wav","any_QUD",16.04895,60,"age2","any"
"775","2552","Yes","trial_2",9,"0","none.wav","any_QUD",16.04895,61,"age2","any"
"776","1824","No","trial_2",9,"8","all.wav","any_QUD",16.04895,62,"age2","any"
"777","4001","Yes","trial_2",9,"2","two.wav","any_QUD",16.04895,63,"age2","any"
"778","1982","No","trial_2",9,"0","summa.wav","any_QUD",16.04895,64,"age2","any"
"779","1545","No","trial_2",9,"5","all.wav","any_QUD",16.04895,65,"age2","any"
"780","3872","No","trial_2",9,"13","summa.wav","any_QUD",16.04895,66,"age2","any"
"781","1686","No","trial_2",9,"13","five.wav","any_QUD",16.04895,67,"age2","any"
"782","1522","No","trial_2",9,"8","two.wav","any_QUD",16.04895,68,"age2","any"
"783","2567","Yes","trial_2",9,"5","five.wav","any_QUD",16.04895,69,"age2","any"
"784","1697","No","trial_2",9,"2","twelve.wav","any_QUD",16.04895,70,"age2","any"
"785","3148","No","trial_2",9,"0","all.wav","any_QUD",16.04895,71,"age2","any"
"786","6287","Yes","trial_2",9,"11","eleven.wav","any_QUD",16.04895,72,"age2","any"
"787","12573","Yes","trial_2",9,"2","two.wav","any_QUD",16.04895,73,"age2","any"
"788","1689","No","trial_2",9,"5","nine.wav","any_QUD",16.04895,74,"age2","any"
"789","1302","Yes","trial_2",9,"13","all.wav","any_QUD",16.04895,75,"age2","any"
"790","1369","No","trial_2",9,"13","summa.wav","any_QUD",16.04895,76,"age2","any"
"791","1606","No","trial_2",9,"11","all.wav","any_QUD",16.04895,77,"age2","any"
"792","2737","Yes","trial_2",9,"11","summa.wav","any_QUD",16.04895,78,"age2","any"
"793","1610","No","trial_2",9,"0","summa.wav","any_QUD",16.04895,79,"age2","any"
"794","1303","Yes","trial_2",9,"13","all.wav","any_QUD",16.04895,80,"age2","any"
"795","3268","Yes","trial_2",9,"0","none.wav","any_QUD",16.04895,81,"age2","any"
"796","3438","No","trial_2",9,"8","eight.wav","any_QUD",16.04895,82,"age2","any"
"797","2657","No","trial_2",9,"2","none.wav","any_QUD",16.04895,83,"age2","any"
"798","0","Sarah","bot_check",10,"Sarah","","no_QUD",7.88486666666667,1,"age2","no"
"799","0","Four","audio_check",10,"","","no_QUD",7.88486666666667,3,"age2","no"
"800","2062","No","practice_trial",10,"13","none.wav","no_QUD",7.88486666666667,6,"age2","no"
"801","1932","Yes","practice_trial",10,"13","all.wav","no_QUD",7.88486666666667,7,"age2","no"
"802","2079","Yes","practice_trial",10,"0","all.wav","no_QUD",7.88486666666667,8,"age2","no"
"803","3097","No","practice_trial",10,"0","none.wav","no_QUD",7.88486666666667,9,"age2","no"
"804","1962","No","trial_1",10,"0","none.wav","no_QUD",7.88486666666667,11,"age2","no"
"805","2255","Yes","trial_1",10,"2","two.wav","no_QUD",7.88486666666667,12,"age2","no"
"806","2064","Yes","trial_1",10,"8","summa.wav","no_QUD",7.88486666666667,13,"age2","no"
"807","2155","Yes","trial_1",10,"2","two.wav","no_QUD",7.88486666666667,14,"age2","no"
"808","4720","No","trial_1",10,"11","thirteen.wav","no_QUD",7.88486666666667,15,"age2","no"
"809","2852","No","trial_1",10,"13","summa.wav","no_QUD",7.88486666666667,16,"age2","no"
"810","2477","No","trial_1",10,"13","eight.wav","no_QUD",7.88486666666667,17,"age2","no"
"811","1896","No","trial_1",10,"5","all.wav","no_QUD",7.88486666666667,18,"age2","no"
"812","1920","No","trial_1",10,"0","five.wav","no_QUD",7.88486666666667,19,"age2","no"
"813","1939","No","trial_1",10,"8","none.wav","no_QUD",7.88486666666667,20,"age2","no"
"814","2959","Yes","trial_1",10,"8","eight.wav","no_QUD",7.88486666666667,21,"age2","no"
"815","2355","No","trial_1",10,"13","summa.wav","no_QUD",7.88486666666667,22,"age2","no"
"816","1706","Yes","trial_1",10,"13","all.wav","no_QUD",7.88486666666667,23,"age2","no"
"817","2070","No","trial_1",10,"8","eleven.wav","no_QUD",7.88486666666667,24,"age2","no"
"818","2181","No","trial_1",10,"0","summa.wav","no_QUD",7.88486666666667,25,"age2","no"
"819","1532","Yes","trial_1",10,"13","all.wav","no_QUD",7.88486666666667,26,"age2","no"
"820","2043","No","trial_1",10,"5","four.wav","no_QUD",7.88486666666667,27,"age2","no"
"821","1938","No","trial_1",10,"2","all.wav","no_QUD",7.88486666666667,28,"age2","no"
"822","1925","Yes","trial_1",10,"5","five.wav","no_QUD",7.88486666666667,29,"age2","no"
"823","2004","No","trial_1",10,"11","seven.wav","no_QUD",7.88486666666667,30,"age2","no"
"824","1810","Yes","trial_1",10,"13","all.wav","no_QUD",7.88486666666667,31,"age2","no"
"825","1856","No","trial_1",10,"13","summa.wav","no_QUD",7.88486666666667,32,"age2","no"
"826","1988","Yes","trial_1",10,"5","summa.wav","no_QUD",7.88486666666667,33,"age2","no"
"827","5540","Yes","trial_1",10,"11","eleven.wav","no_QUD",7.88486666666667,34,"age2","no"
"828","1950","No","trial_1",10,"0","all.wav","no_QUD",7.88486666666667,35,"age2","no"
"829","1941","No","trial_1",10,"11","none.wav","no_QUD",7.88486666666667,36,"age2","no"
"830","1774","No","trial_1",10,"11","all.wav","no_QUD",7.88486666666667,37,"age2","no"
"831","1774","Yes","trial_1",10,"0","none.wav","no_QUD",7.88486666666667,38,"age2","no"
"832","1473","No","trial_1",10,"0","eleven.wav","no_QUD",7.88486666666667,39,"age2","no"
"833","1253","Yes","trial_1",10,"13","all.wav","no_QUD",7.88486666666667,40,"age2","no"
"834","1375","No","trial_1",10,"13","summa.wav","no_QUD",7.88486666666667,41,"age2","no"
"835","2586","Yes","trial_1",10,"8","eight.wav","no_QUD",7.88486666666667,42,"age2","no"
"836","1370","Yes","trial_1",10,"2","two.wav","no_QUD",7.88486666666667,43,"age2","no"
"837","1272","Yes","trial_1",10,"2","two.wav","no_QUD",7.88486666666667,44,"age2","no"
"838","1136","No","trial_1",10,"0","summa.wav","no_QUD",7.88486666666667,45,"age2","no"
"839","1297","No","trial_1",10,"5","ten.wav","no_QUD",7.88486666666667,46,"age2","no"
"840","1212","Yes","trial_2",10,"0","none.wav","no_QUD",7.88486666666667,47,"age2","no"
"841","1265","Yes","trial_2",10,"2","two.wav","no_QUD",7.88486666666667,48,"age2","no"
"842","1214","No","trial_2",10,"13","summa.wav","no_QUD",7.88486666666667,49,"age2","no"
"843","1256","No","trial_2",10,"5","all.wav","no_QUD",7.88486666666667,50,"age2","no"
"844","1239","No","trial_2",10,"2","summa.wav","no_QUD",7.88486666666667,51,"age2","no"
"845","1423","No","trial_2",10,"5","two.wav","no_QUD",7.88486666666667,52,"age2","no"
"846","1356","No","trial_2",10,"8","all.wav","no_QUD",7.88486666666667,53,"age2","no"
"847","2524","Yes","trial_2",10,"8","eight.wav","no_QUD",7.88486666666667,54,"age2","no"
"848","1181","Yes","trial_2",10,"5","five.wav","no_QUD",7.88486666666667,55,"age2","no"
"849","1236","Yes","trial_2",10,"13","all.wav","no_QUD",7.88486666666667,56,"age2","no"
"850","1446","No","trial_2",10,"0","three.wav","no_QUD",7.88486666666667,57,"age2","no"
"851","1500","No","trial_2",10,"0","summa.wav","no_QUD",7.88486666666667,58,"age2","no"
"852","2611","Yes","trial_2",10,"8","eight.wav","no_QUD",7.88486666666667,59,"age2","no"
"853","2144","No","trial_2",10,"13","ten.wav","no_QUD",7.88486666666667,60,"age2","no"
"854","1199","Yes","trial_2",10,"13","all.wav","no_QUD",7.88486666666667,61,"age2","no"
"855","1321","No","trial_2",10,"13","none.wav","no_QUD",7.88486666666667,62,"age2","no"
"856","2099","No","trial_2",10,"13","summa.wav","no_QUD",7.88486666666667,63,"age2","no"
"857","1565","No","trial_2",10,"11","one.wav","no_QUD",7.88486666666667,64,"age2","no"
"858","1110","No","trial_2",10,"2","none.wav","no_QUD",7.88486666666667,65,"age2","no"
"859","1122","Yes","trial_2",10,"0","none.wav","no_QUD",7.88486666666667,66,"age2","no"
"860","1337","Yes","trial_2",10,"2","two.wav","no_QUD",7.88486666666667,67,"age2","no"
"861","1430","Yes","trial_2",10,"8","eight.wav","no_QUD",7.88486666666667,68,"age2","no"
"862","1950","Yes","trial_2",10,"11","summa.wav","no_QUD",7.88486666666667,69,"age2","no"
"863","4973","Yes","trial_2",10,"11","eleven.wav","no_QUD",7.88486666666667,70,"age2","no"
"864","1543","No","trial_2",10,"13","summa.wav","no_QUD",7.88486666666667,71,"age2","no"
"865","1463","No","trial_2",10,"11","all.wav","no_QUD",7.88486666666667,72,"age2","no"
"866","1269","Yes","trial_2",10,"13","all.wav","no_QUD",7.88486666666667,73,"age2","no"
"867","1174","Yes","trial_2",10,"5","five.wav","no_QUD",7.88486666666667,74,"age2","no"
"868","1549","No","trial_2",10,"8","two.wav","no_QUD",7.88486666666667,75,"age2","no"
"869","1279","No","trial_2",10,"0","all.wav","no_QUD",7.88486666666667,76,"age2","no"
"870","1265","No","trial_2",10,"13","five.wav","no_QUD",7.88486666666667,77,"age2","no"
"871","1057","Yes","trial_2",10,"13","all.wav","no_QUD",7.88486666666667,78,"age2","no"
"872","1389","No","trial_2",10,"0","summa.wav","no_QUD",7.88486666666667,79,"age2","no"
"873","1255","No","trial_2",10,"13","summa.wav","no_QUD",7.88486666666667,80,"age2","no"
"874","1390","No","trial_2",10,"2","twelve.wav","no_QUD",7.88486666666667,81,"age2","no"
"875","1277","No","trial_2",10,"5","nine.wav","no_QUD",7.88486666666667,82,"age2","no"
"876","0","Sarah","bot_check",11,"Sarah","","no_QUD",15.1566166666667,1,"age2","no"
"877","0","Four","audio_check",11,"","","no_QUD",15.1566166666667,3,"age2","no"
"878","2622","No","practice_trial",11,"13","none.wav","no_QUD",15.1566166666667,6,"age2","no"
"879","2194","Yes","practice_trial",11,"13","all.wav","no_QUD",15.1566166666667,7,"age2","no"
"880","2099","No","practice_trial",11,"0","all.wav","no_QUD",15.1566166666667,8,"age2","no"
"881","2256","Yes","practice_trial",11,"0","none.wav","no_QUD",15.1566166666667,9,"age2","no"
"882","2145","Yes","trial_1",11,"13","all.wav","no_QUD",15.1566166666667,11,"age2","no"
"883","2281","Yes","trial_1",11,"2","two.wav","no_QUD",15.1566166666667,12,"age2","no"
"884","2274","Yes","trial_1",11,"13","all.wav","no_QUD",15.1566166666667,13,"age2","no"
"885","2161","No","trial_1",11,"13","summa.wav","no_QUD",15.1566166666667,14,"age2","no"
"886","2188","No","trial_1",11,"0","five.wav","no_QUD",15.1566166666667,15,"age2","no"
"887","2146","Yes","trial_1",11,"2","two.wav","no_QUD",15.1566166666667,16,"age2","no"
"888","2037","No","trial_1",11,"8","none.wav","no_QUD",15.1566166666667,17,"age2","no"
"889","2212","Yes","trial_1",11,"0","none.wav","no_QUD",15.1566166666667,18,"age2","no"
"890","5612","No","trial_1",11,"11","thirteen.wav","no_QUD",15.1566166666667,19,"age2","no"
"891","2355","No","trial_1",11,"8","eleven.wav","no_QUD",15.1566166666667,20,"age2","no"
"892","3613","No","trial_1",11,"13","summa.wav","no_QUD",15.1566166666667,21,"age2","no"
"893","1994","Yes","trial_1",11,"8","eight.wav","no_QUD",15.1566166666667,22,"age2","no"
"894","2062","No","trial_1",11,"5","four.wav","no_QUD",15.1566166666667,23,"age2","no"
"895","1983","No","trial_1",11,"5","all.wav","no_QUD",15.1566166666667,24,"age2","no"
"896","3755","No","trial_1",11,"13","eight.wav","no_QUD",15.1566166666667,25,"age2","no"
"897","2448","Yes","trial_1",11,"8","summa.wav","no_QUD",15.1566166666667,26,"age2","no"
"898","2239","No","trial_1",11,"0","summa.wav","no_QUD",15.1566166666667,27,"age2","no"
"899","2011","No","trial_1",11,"2","all.wav","no_QUD",15.1566166666667,28,"age2","no"
"900","1828","Yes","trial_1",11,"13","all.wav","no_QUD",15.1566166666667,29,"age2","no"
"901","1988","No","trial_1",11,"11","all.wav","no_QUD",15.1566166666667,30,"age2","no"
"902","2024","Yes","trial_1",11,"5","five.wav","no_QUD",15.1566166666667,31,"age2","no"
"903","4399","Yes","trial_1",11,"11","eleven.wav","no_QUD",15.1566166666667,32,"age2","no"
"904","2096","No","trial_1",11,"11","none.wav","no_QUD",15.1566166666667,33,"age2","no"
"905","2246","No","trial_1",11,"0","summa.wav","no_QUD",15.1566166666667,34,"age2","no"
"906","1986","Yes","trial_1",11,"13","all.wav","no_QUD",15.1566166666667,35,"age2","no"
"907","2217","Yes","trial_1",11,"8","eight.wav","no_QUD",15.1566166666667,36,"age2","no"
"908","1898","Yes","trial_1",11,"2","two.wav","no_QUD",15.1566166666667,37,"age2","no"
"909","2766","Yes","trial_1",11,"5","summa.wav","no_QUD",15.1566166666667,38,"age2","no"
"910","1767","Yes","trial_1",11,"2","two.wav","no_QUD",15.1566166666667,39,"age2","no"
"911","3996","No","trial_1",11,"13","summa.wav","no_QUD",15.1566166666667,40,"age2","no"
"912","2318","No","trial_1",11,"5","ten.wav","no_QUD",15.1566166666667,41,"age2","no"
"913","2358","No","trial_1",11,"0","all.wav","no_QUD",15.1566166666667,42,"age2","no"
"914","2199","Yes","trial_1",11,"0","none.wav","no_QUD",15.1566166666667,43,"age2","no"
"915","3530","No","trial_1",11,"11","seven.wav","no_QUD",15.1566166666667,44,"age2","no"
"916","2288","No","trial_1",11,"13","summa.wav","no_QUD",15.1566166666667,45,"age2","no"
"917","2602","No","trial_1",11,"0","eleven.wav","no_QUD",15.1566166666667,46,"age2","no"
"918","1887","Yes","trial_2",11,"8","eight.wav","no_QUD",15.1566166666667,47,"age2","no"
"919","2413","No","trial_2",11,"13","summa.wav","no_QUD",15.1566166666667,48,"age2","no"
"920","2299","Yes","trial_2",11,"0","none.wav","no_QUD",15.1566166666667,49,"age2","no"
"921","2124","Yes","trial_2",11,"13","all.wav","no_QUD",15.1566166666667,50,"age2","no"
"922","2388","No","trial_2",11,"13","none.wav","no_QUD",15.1566166666667,51,"age2","no"
"923","4321","No","trial_2",11,"13","ten.wav","no_QUD",15.1566166666667,52,"age2","no"
"924","2449","Yes","trial_2",11,"5","five.wav","no_QUD",15.1566166666667,53,"age2","no"
"925","2215","No","trial_2",11,"5","two.wav","no_QUD",15.1566166666667,54,"age2","no"
"926","2864","No","trial_2",11,"13","summa.wav","no_QUD",15.1566166666667,55,"age2","no"
"927","2239","Yes","trial_2",11,"2","two.wav","no_QUD",15.1566166666667,56,"age2","no"
"928","2038","No","trial_2",11,"8","all.wav","no_QUD",15.1566166666667,57,"age2","no"
"929","2234","No","trial_2",11,"5","all.wav","no_QUD",15.1566166666667,58,"age2","no"
"930","2644","Yes","trial_2",11,"2","summa.wav","no_QUD",15.1566166666667,59,"age2","no"
"931","2382","Yes","trial_2",11,"13","all.wav","no_QUD",15.1566166666667,60,"age2","no"
"932","2412","Yes","trial_2",11,"8","eight.wav","no_QUD",15.1566166666667,61,"age2","no"
"933","2169","No","trial_2",11,"0","summa.wav","no_QUD",15.1566166666667,62,"age2","no"
"934","2210","No","trial_2",11,"0","three.wav","no_QUD",15.1566166666667,63,"age2","no"
"935","2141","No","trial_2",11,"11","one.wav","no_QUD",15.1566166666667,64,"age2","no"
"936","2224","Yes","trial_2",11,"13","all.wav","no_QUD",15.1566166666667,65,"age2","no"
"937","2153","Yes","trial_2",11,"2","two.wav","no_QUD",15.1566166666667,66,"age2","no"
"938","2116","No","trial_2",11,"2","none.wav","no_QUD",15.1566166666667,67,"age2","no"
"939","4006","Yes","trial_2",11,"8","eight.wav","no_QUD",15.1566166666667,68,"age2","no"
"940","2261","No","trial_2",11,"13","five.wav","no_QUD",15.1566166666667,69,"age2","no"
"941","2103","No","trial_2",11,"8","two.wav","no_QUD",15.1566166666667,70,"age2","no"
"942","3017","Yes","trial_2",11,"11","summa.wav","no_QUD",15.1566166666667,71,"age2","no"
"943","3040","No","trial_2",11,"5","nine.wav","no_QUD",15.1566166666667,72,"age2","no"
"944","2268","Yes","trial_2",11,"5","five.wav","no_QUD",15.1566166666667,73,"age2","no"
"945","2363","Yes","trial_2",11,"13","all.wav","no_QUD",15.1566166666667,74,"age2","no"
"946","2267","No","trial_2",11,"0","all.wav","no_QUD",15.1566166666667,75,"age2","no"
"947","4579","Yes","trial_2",11,"11","eleven.wav","no_QUD",15.1566166666667,76,"age2","no"
"948","2403","No","trial_2",11,"2","twelve.wav","no_QUD",15.1566166666667,77,"age2","no"
"949","2559","No","trial_2",11,"13","summa.wav","no_QUD",15.1566166666667,78,"age2","no"
"950","2114","No","trial_2",11,"0","summa.wav","no_QUD",15.1566166666667,79,"age2","no"
"951","2527","No","trial_2",11,"11","all.wav","no_QUD",15.1566166666667,80,"age2","no"
"952","3007","No","trial_2",11,"13","summa.wav","no_QUD",15.1566166666667,81,"age2","no"
"953","2432","Yes","trial_2",11,"0","none.wav","no_QUD",15.1566166666667,82,"age2","no"
