"response","slide_type","workerid","image","audio","Answer.condition","Answer.time_in_minutes","slide_number","speaker_cond"
"[0, 'Patricia']","bot_check",0,"Patricia","","all_QUD",10.33385,1,"age1_all"
"[0, 'Four']","audio_check",0,"","","all_QUD",10.33385,3,"age1_all"
"[0, 'Empty']","comprehension_check_1",0,"","","all_QUD",10.33385,4,"age1_all"
"[1562784397835, 'Yes']","practice_trial",0,"13","none.wav","all_QUD",10.33385,6,"age1_all"
"[1562784403427, 'Yes']","practice_trial",0,"13","all.wav","all_QUD",10.33385,7,"age1_all"
"[1562784409722, 'Yes']","practice_trial",0,"0","all.wav","all_QUD",10.33385,8,"age1_all"
"[1562784414913, 'No']","practice_trial",0,"0","none.wav","all_QUD",10.33385,9,"age1_all"
"[1411, 'No']","trial_1",0,"0","five.wav","all_QUD",10.33385,11,"age1_all"
"[1515, 'Yes']","trial_1",0,"8","summa.wav","all_QUD",10.33385,12,"age1_all"
"[1219, 'No']","trial_1",0,"13","all.wav","all_QUD",10.33385,13,"age1_all"
"[1539, 'No']","trial_1",0,"5","four.wav","all_QUD",10.33385,14,"age1_all"
"[1483, 'No']","trial_1",0,"13","all.wav","all_QUD",10.33385,15,"age1_all"
"[1434, 'No']","trial_1",0,"13","summa.wav","all_QUD",10.33385,16,"age1_all"
"[1676, 'No']","trial_1",0,"8","eleven.wav","all_QUD",10.33385,17,"age1_all"
"[1147, 'No']","trial_1",0,"13","eight.wav","all_QUD",10.33385,18,"age1_all"
"[1212, 'No']","trial_1",0,"11","thirteen.wav","all_QUD",10.33385,19,"age1_all"
"[1413, 'No']","trial_1",0,"13","summa.wav","all_QUD",10.33385,20,"age1_all"
"[1323, 'Yes']","trial_1",0,"0","none.wav","all_QUD",10.33385,21,"age1_all"
"[1571, 'No']","trial_1",0,"8","eight.wav","all_QUD",10.33385,22,"age1_all"
"[1052, 'No']","trial_1",0,"8","none.wav","all_QUD",10.33385,23,"age1_all"
"[1907, 'No']","trial_1",0,"2","two.wav","all_QUD",10.33385,24,"age1_all"
"[1348, 'No']","trial_1",0,"0","summa.wav","all_QUD",10.33385,25,"age1_all"
"[1354, 'No']","trial_1",0,"5","all.wav","all_QUD",10.33385,26,"age1_all"
"[1261, 'No']","trial_1",0,"2","all.wav","all_QUD",10.33385,27,"age1_all"
"[1435, 'No']","trial_1",0,"2","two.wav","all_QUD",10.33385,28,"age1_all"
"[1331, 'No']","trial_1",0,"13","all.wav","all_QUD",10.33385,29,"age1_all"
"[1699, 'No']","trial_1",0,"11","none.wav","all_QUD",10.33385,30,"age1_all"
"[1509, 'No']","trial_1",0,"11","seven.wav","all_QUD",10.33385,31,"age1_all"
"[1259, 'No']","trial_1",0,"11","eleven.wav","all_QUD",10.33385,32,"age1_all"
"[1690, 'No']","trial_1",0,"13","summa.wav","all_QUD",10.33385,33,"age1_all"
"[1228, 'No']","trial_1",0,"11","all.wav","all_QUD",10.33385,34,"age1_all"
"[1394, 'Yes']","trial_1",0,"0","all.wav","all_QUD",10.33385,35,"age1_all"
"[1467, 'No']","trial_1",0,"5","five.wav","all_QUD",10.33385,36,"age1_all"
"[1435, 'No']","trial_1",0,"0","none.wav","all_QUD",10.33385,37,"age1_all"
"[1988, 'No']","trial_1",0,"0","eleven.wav","all_QUD",10.33385,38,"age1_all"
"[1981, 'No']","trial_1",0,"13","summa.wav","all_QUD",10.33385,39,"age1_all"
"[1674, 'No']","trial_1",0,"5","summa.wav","all_QUD",10.33385,40,"age1_all"
"[1659, 'No']","trial_1",0,"2","two.wav","all_QUD",10.33385,41,"age1_all"
"[1273, 'No']","trial_1",0,"8","eight.wav","all_QUD",10.33385,42,"age1_all"
"[13548, 'Yes']","trial_1",0,"2","two.wav","all_QUD",10.33385,43,"age1_all"
"[1388, 'No']","trial_1",0,"13","all.wav","all_QUD",10.33385,44,"age1_all"
"[1499, 'Yes']","trial_1",0,"0","summa.wav","all_QUD",10.33385,45,"age1_all"
"[1395, 'No']","trial_1",0,"5","ten.wav","all_QUD",10.33385,46,"age1_all"
"[0, 'Empty']","comprehension_check_2",0,"","","all_QUD",10.33385,47,"age1_all"
"[2832, 'No']","trial_2",0,"0","none.wav","all_QUD",10.33385,48,"age1_all"
"[1531, 'Yes']","trial_2",0,"0","summa.wav","all_QUD",10.33385,49,"age1_all"
"[1163, 'Yes']","trial_2",0,"2","summa.wav","all_QUD",10.33385,50,"age1_all"
"[1324, 'No']","trial_2",0,"5","all.wav","all_QUD",10.33385,51,"age1_all"
"[1354, 'No']","trial_2",0,"13","all.wav","all_QUD",10.33385,52,"age1_all"
"[1196, 'No']","trial_2",0,"13","all.wav","all_QUD",10.33385,53,"age1_all"
"[1380, 'No']","trial_2",0,"0","three.wav","all_QUD",10.33385,54,"age1_all"
"[1481, 'No']","trial_2",0,"13","summa.wav","all_QUD",10.33385,55,"age1_all"
"[1227, 'No']","trial_2",0,"8","eight.wav","all_QUD",10.33385,56,"age1_all"
"[1703, 'No']","trial_2",0,"5","two.wav","all_QUD",10.33385,57,"age1_all"
"[1645, 'No']","trial_2",0,"13","none.wav","all_QUD",10.33385,58,"age1_all"
"[2883, 'No']","trial_2",0,"13","summa.wav","all_QUD",10.33385,59,"age1_all"
"[1099, 'No']","trial_2",0,"13","ten.wav","all_QUD",10.33385,60,"age1_all"
"[1780, 'No']","trial_2",0,"5","five.wav","all_QUD",10.33385,61,"age1_all"
"[1347, 'No']","trial_2",0,"8","eight.wav","all_QUD",10.33385,62,"age1_all"
"[1220, 'No']","trial_2",0,"11","one.wav","all_QUD",10.33385,63,"age1_all"
"[1180, 'No']","trial_2",0,"8","all.wav","all_QUD",10.33385,64,"age1_all"
"[1436, 'No']","trial_2",0,"2","two.wav","all_QUD",10.33385,65,"age1_all"
"[2485, 'No']","trial_2",0,"0","none.wav","all_QUD",10.33385,66,"age1_all"
"[1044, 'No']","trial_2",0,"13","five.wav","all_QUD",10.33385,67,"age1_all"
"[1811, 'No']","trial_2",0,"2","none.wav","all_QUD",10.33385,68,"age1_all"
"[1461, 'No']","trial_2",0,"13","summa.wav","all_QUD",10.33385,69,"age1_all"
"[1618, 'No']","trial_2",0,"2","two.wav","all_QUD",10.33385,70,"age1_all"
"[1860, 'No']","trial_2",0,"13","all.wav","all_QUD",10.33385,71,"age1_all"
"[2012, 'No']","trial_2",0,"13","summa.wav","all_QUD",10.33385,72,"age1_all"
"[2851, 'Yes']","trial_2",0,"5","nine.wav","all_QUD",10.33385,73,"age1_all"
"[1891, 'Yes']","trial_2",0,"0","all.wav","all_QUD",10.33385,74,"age1_all"
"[1356, 'No']","trial_2",0,"5","five.wav","all_QUD",10.33385,75,"age1_all"
"[1284, 'Yes']","trial_2",0,"11","summa.wav","all_QUD",10.33385,76,"age1_all"
"[1275, 'No']","trial_2",0,"11","eleven.wav","all_QUD",10.33385,77,"age1_all"
"[1324, 'No']","trial_2",0,"11","all.wav","all_QUD",10.33385,78,"age1_all"
"[1179, 'No']","trial_2",0,"8","eight.wav","all_QUD",10.33385,79,"age1_all"
"[1490, 'Yes']","trial_2",0,"0","summa.wav","all_QUD",10.33385,80,"age1_all"
"[1563, 'No']","trial_2",0,"2","twelve.wav","all_QUD",10.33385,81,"age1_all"
"[1132, 'No']","trial_2",0,"8","two.wav","all_QUD",10.33385,82,"age1_all"
"[1284, 'Yes']","trial_2",0,"13","all.wav","all_QUD",10.33385,83,"age1_all"
"[0, 'linda']","bot_check",1,"Linda","","all_QUD",16.4025166666667,1,"age1_all"
"[0, 'Four']","audio_check",1,"","","all_QUD",16.4025166666667,3,"age1_all"
"[0, 'Empty']","comprehension_check_1",1,"","","all_QUD",16.4025166666667,4,"age1_all"
"[1562784287389, 'No']","practice_trial",1,"13","none.wav","all_QUD",16.4025166666667,6,"age1_all"
"[1562784293152, 'Yes']","practice_trial",1,"13","all.wav","all_QUD",16.4025166666667,7,"age1_all"
"[1562784298774, 'No']","practice_trial",1,"0","all.wav","all_QUD",16.4025166666667,8,"age1_all"
"[1562784304153, 'Yes']","practice_trial",1,"0","none.wav","all_QUD",16.4025166666667,9,"age1_all"
"[2250, 'No']","trial_1",1,"2","all.wav","all_QUD",16.4025166666667,11,"age1_all"
"[2639, 'No']","trial_1",1,"13","summa.wav","all_QUD",16.4025166666667,12,"age1_all"
"[2065, 'Yes']","trial_1",1,"0","none.wav","all_QUD",16.4025166666667,13,"age1_all"
"[2038, 'Yes']","trial_1",1,"13","all.wav","all_QUD",16.4025166666667,14,"age1_all"
"[2727, 'No']","trial_1",1,"0","five.wav","all_QUD",16.4025166666667,15,"age1_all"
"[2008, 'Yes']","trial_1",1,"2","two.wav","all_QUD",16.4025166666667,16,"age1_all"
"[5557, 'No']","trial_1",1,"13","eight.wav","all_QUD",16.4025166666667,17,"age1_all"
"[1612, 'Yes']","trial_1",1,"13","all.wav","all_QUD",16.4025166666667,18,"age1_all"
"[6724, 'Yes']","trial_1",1,"8","eight.wav","all_QUD",16.4025166666667,19,"age1_all"
"[1914, 'No']","trial_1",1,"0","summa.wav","all_QUD",16.4025166666667,20,"age1_all"
"[1999, 'Yes']","trial_1",1,"2","two.wav","all_QUD",16.4025166666667,21,"age1_all"
"[2400, 'Yes']","trial_1",1,"8","summa.wav","all_QUD",16.4025166666667,22,"age1_all"
"[1754, 'No']","trial_1",1,"5","all.wav","all_QUD",16.4025166666667,23,"age1_all"
"[26147, 'No']","trial_1",1,"11","thirteen.wav","all_QUD",16.4025166666667,24,"age1_all"
"[7524, 'No']","trial_1",1,"8","eleven.wav","all_QUD",16.4025166666667,25,"age1_all"
"[2106, 'No']","trial_1",1,"13","summa.wav","all_QUD",16.4025166666667,26,"age1_all"
"[2330, 'No']","trial_1",1,"5","four.wav","all_QUD",16.4025166666667,27,"age1_all"
"[3777, 'No']","trial_1",1,"8","none.wav","all_QUD",16.4025166666667,28,"age1_all"
"[2278, 'Yes']","trial_1",1,"5","five.wav","all_QUD",16.4025166666667,29,"age1_all"
"[2199, 'No']","trial_1",1,"0","all.wav","all_QUD",16.4025166666667,30,"age1_all"
"[1628, 'No']","trial_1",1,"5","ten.wav","all_QUD",16.4025166666667,31,"age1_all"
"[1764, 'Yes']","trial_1",1,"13","all.wav","all_QUD",16.4025166666667,32,"age1_all"
"[1276, 'Yes']","trial_1",1,"2","two.wav","all_QUD",16.4025166666667,33,"age1_all"
"[1855, 'No']","trial_1",1,"11","seven.wav","all_QUD",16.4025166666667,34,"age1_all"
"[1529, 'No']","trial_1",1,"11","none.wav","all_QUD",16.4025166666667,35,"age1_all"
"[1691, 'Yes']","trial_1",1,"5","summa.wav","all_QUD",16.4025166666667,36,"age1_all"
"[1344, 'No']","trial_1",1,"11","all.wav","all_QUD",16.4025166666667,37,"age1_all"
"[1316, 'No']","trial_1",1,"13","summa.wav","all_QUD",16.4025166666667,38,"age1_all"
"[1225, 'No']","trial_1",1,"0","eleven.wav","all_QUD",16.4025166666667,39,"age1_all"
"[1204, 'No']","trial_1",1,"0","summa.wav","all_QUD",16.4025166666667,40,"age1_all"
"[1044, 'No']","trial_1",1,"13","summa.wav","all_QUD",16.4025166666667,41,"age1_all"
"[1358, 'Yes']","trial_1",1,"13","all.wav","all_QUD",16.4025166666667,42,"age1_all"
"[1054, 'Yes']","trial_1",1,"2","two.wav","all_QUD",16.4025166666667,43,"age1_all"
"[1012, 'Yes']","trial_1",1,"0","none.wav","all_QUD",16.4025166666667,44,"age1_all"
"[2965, 'Yes']","trial_1",1,"8","eight.wav","all_QUD",16.4025166666667,45,"age1_all"
"[10454, 'Yes']","trial_1",1,"11","eleven.wav","all_QUD",16.4025166666667,46,"age1_all"
"[0, 'Empty']","comprehension_check_2",1,"","","all_QUD",16.4025166666667,47,"age1_all"
"[1387, 'No']","trial_2",1,"5","two.wav","all_QUD",16.4025166666667,48,"age1_all"
"[1399, 'No']","trial_2",1,"11","one.wav","all_QUD",16.4025166666667,49,"age1_all"
"[2128, 'Yes']","trial_2",1,"2","summa.wav","all_QUD",16.4025166666667,50,"age1_all"
"[943, 'Yes']","trial_2",1,"2","two.wav","all_QUD",16.4025166666667,51,"age1_all"
"[1249, 'No']","trial_2",1,"5","all.wav","all_QUD",16.4025166666667,52,"age1_all"
"[2764, 'Yes']","trial_2",1,"8","eight.wav","all_QUD",16.4025166666667,53,"age1_all"
"[3137, 'Yes']","trial_2",1,"8","eight.wav","all_QUD",16.4025166666667,54,"age1_all"
"[923, 'Yes']","trial_2",1,"13","all.wav","all_QUD",16.4025166666667,55,"age1_all"
"[1240, 'No']","trial_2",1,"13","ten.wav","all_QUD",16.4025166666667,56,"age1_all"
"[1008, 'No']","trial_2",1,"13","summa.wav","all_QUD",16.4025166666667,57,"age1_all"
"[1397, 'Yes']","trial_2",1,"0","none.wav","all_QUD",16.4025166666667,58,"age1_all"
"[1523, 'No']","trial_2",1,"0","summa.wav","all_QUD",16.4025166666667,59,"age1_all"
"[1429, 'Yes']","trial_2",1,"13","all.wav","all_QUD",16.4025166666667,60,"age1_all"
"[1425, 'No']","trial_2",1,"13","summa.wav","all_QUD",16.4025166666667,61,"age1_all"
"[2945, 'No']","trial_2",1,"0","three.wav","all_QUD",16.4025166666667,62,"age1_all"
"[1287, 'No']","trial_2",1,"13","none.wav","all_QUD",16.4025166666667,63,"age1_all"
"[2610, 'Yes']","trial_2",1,"5","five.wav","all_QUD",16.4025166666667,64,"age1_all"
"[1266, 'No']","trial_2",1,"8","all.wav","all_QUD",16.4025166666667,65,"age1_all"
"[1731, 'No']","trial_2",1,"8","two.wav","all_QUD",16.4025166666667,66,"age1_all"
"[1224, 'Yes']","trial_2",1,"2","two.wav","all_QUD",16.4025166666667,67,"age1_all"
"[970, 'No']","trial_2",1,"13","five.wav","all_QUD",16.4025166666667,68,"age1_all"
"[1216, 'No']","trial_2",1,"13","summa.wav","all_QUD",16.4025166666667,69,"age1_all"
"[2551, 'Yes']","trial_2",1,"8","eight.wav","all_QUD",16.4025166666667,70,"age1_all"
"[2601, 'Yes']","trial_2",1,"11","summa.wav","all_QUD",16.4025166666667,71,"age1_all"
"[978, 'No']","trial_2",1,"2","none.wav","all_QUD",16.4025166666667,72,"age1_all"
"[1650, 'No']","trial_2",1,"11","all.wav","all_QUD",16.4025166666667,73,"age1_all"
"[1100, 'No']","trial_2",1,"13","summa.wav","all_QUD",16.4025166666667,74,"age1_all"
"[1566, 'Yes']","trial_2",1,"0","none.wav","all_QUD",16.4025166666667,75,"age1_all"
"[1164, 'No']","trial_2",1,"2","twelve.wav","all_QUD",16.4025166666667,76,"age1_all"
"[1396, 'Yes']","trial_2",1,"13","all.wav","all_QUD",16.4025166666667,77,"age1_all"
"[1869, 'Yes']","trial_2",1,"13","all.wav","all_QUD",16.4025166666667,78,"age1_all"
"[1245, 'Yes']","trial_2",1,"5","five.wav","all_QUD",16.4025166666667,79,"age1_all"
"[1436, 'No']","trial_2",1,"5","nine.wav","all_QUD",16.4025166666667,80,"age1_all"
"[7581, 'Yes']","trial_2",1,"11","eleven.wav","all_QUD",16.4025166666667,81,"age1_all"
"[1142, 'No']","trial_2",1,"0","all.wav","all_QUD",16.4025166666667,82,"age1_all"
"[1042, 'No']","trial_2",1,"0","summa.wav","all_QUD",16.4025166666667,83,"age1_all"
"[0, 'Mary']","bot_check",2,"Mary","","any_QUD",13.7938,1,"age1_any"
"[0, 'Four']","audio_check",2,"","","any_QUD",13.7938,3,"age1_any"
"[0, 'Jam']","comprehension_check_1",2,"","","any_QUD",13.7938,4,"age1_any"
"[2601, 'No']","practice_trial",2,"13","none.wav","any_QUD",13.7938,6,"age1_any"
"[1440, 'Yes']","practice_trial",2,"13","all.wav","any_QUD",13.7938,7,"age1_any"
"[1843, 'No']","practice_trial",2,"0","all.wav","any_QUD",13.7938,8,"age1_any"
"[3368, 'Yes']","practice_trial",2,"0","none.wav","any_QUD",13.7938,9,"age1_any"
"[1705, 'No']","trial_1",2,"0","none.wav","any_QUD",13.7938,11,"age1_any"
"[2370, 'No']","trial_1",2,"5","all.wav","any_QUD",13.7938,12,"age1_any"
"[2076, 'Yes']","trial_1",2,"2","two.wav","any_QUD",13.7938,13,"age1_any"
"[10655, 'No']","trial_1",2,"13","summa.wav","any_QUD",13.7938,14,"age1_any"
"[1730, 'Yes']","trial_1",2,"8","summa.wav","any_QUD",13.7938,15,"age1_any"
"[1823, 'No']","trial_1",2,"2","all.wav","any_QUD",13.7938,16,"age1_any"
"[878, 'Yes']","trial_1",2,"13","all.wav","any_QUD",13.7938,17,"age1_any"
"[1331, 'Yes']","trial_1",2,"13","all.wav","any_QUD",13.7938,18,"age1_any"
"[4263, 'No']","trial_1",2,"13","eight.wav","any_QUD",13.7938,19,"age1_any"
"[1652, 'Yes']","trial_1",2,"2","two.wav","any_QUD",13.7938,20,"age1_any"
"[2481, 'No']","trial_1",2,"8","eleven.wav","any_QUD",13.7938,21,"age1_any"
"[7558, 'No']","trial_1",2,"11","thirteen.wav","any_QUD",13.7938,22,"age1_any"
"[2233, 'No']","trial_1",2,"8","none.wav","any_QUD",13.7938,23,"age1_any"
"[2467, 'No']","trial_1",2,"0","summa.wav","any_QUD",13.7938,24,"age1_any"
"[3290, 'Yes']","trial_1",2,"8","eight.wav","any_QUD",13.7938,25,"age1_any"
"[3362, 'No']","trial_1",2,"13","summa.wav","any_QUD",13.7938,26,"age1_any"
"[2320, 'No']","trial_1",2,"0","five.wav","any_QUD",13.7938,27,"age1_any"
"[2162, 'No']","trial_1",2,"5","four.wav","any_QUD",13.7938,28,"age1_any"
"[1860, 'No']","trial_1",2,"13","summa.wav","any_QUD",13.7938,29,"age1_any"
"[1885, 'Yes']","trial_1",2,"13","all.wav","any_QUD",13.7938,30,"age1_any"
"[1271, 'Yes']","trial_1",2,"13","all.wav","any_QUD",13.7938,31,"age1_any"
"[2230, 'Yes']","trial_1",2,"8","eight.wav","any_QUD",13.7938,32,"age1_any"
"[1565, 'Yes']","trial_1",2,"5","five.wav","any_QUD",13.7938,33,"age1_any"
"[1421, 'No']","trial_1",2,"0","all.wav","any_QUD",13.7938,34,"age1_any"
"[2432, 'No']","trial_1",2,"0","eleven.wav","any_QUD",13.7938,35,"age1_any"
"[1742, 'No']","trial_1",2,"5","ten.wav","any_QUD",13.7938,36,"age1_any"
"[1985, 'No']","trial_1",2,"11","none.wav","any_QUD",13.7938,37,"age1_any"
"[1952, 'Yes']","trial_1",2,"0","none.wav","any_QUD",13.7938,38,"age1_any"
"[4416, 'Yes']","trial_1",2,"11","eleven.wav","any_QUD",13.7938,39,"age1_any"
"[1199, 'Yes']","trial_1",2,"2","two.wav","any_QUD",13.7938,40,"age1_any"
"[1709, 'No']","trial_1",2,"13","summa.wav","any_QUD",13.7938,41,"age1_any"
"[1842, 'Yes']","trial_1",2,"5","summa.wav","any_QUD",13.7938,42,"age1_any"
"[2021, 'No']","trial_1",2,"11","all.wav","any_QUD",13.7938,43,"age1_any"
"[1577, 'Yes']","trial_1",2,"2","two.wav","any_QUD",13.7938,44,"age1_any"
"[1553, 'No']","trial_1",2,"0","summa.wav","any_QUD",13.7938,45,"age1_any"
"[5545, 'No']","trial_1",2,"11","seven.wav","any_QUD",13.7938,46,"age1_any"
"[0, 'Jam']","comprehension_check_2",2,"","","any_QUD",13.7938,47,"age1_any"
"[3902, 'Yes']","trial_2",2,"8","eight.wav","any_QUD",13.7938,48,"age1_any"
"[1524, 'No']","trial_2",2,"0","three.wav","any_QUD",13.7938,49,"age1_any"
"[1875, 'Yes']","trial_2",2,"0","none.wav","any_QUD",13.7938,50,"age1_any"
"[1566, 'No']","trial_2",2,"5","two.wav","any_QUD",13.7938,51,"age1_any"
"[899, 'Yes']","trial_2",2,"13","all.wav","any_QUD",13.7938,52,"age1_any"
"[1002, 'Yes']","trial_2",2,"2","two.wav","any_QUD",13.7938,53,"age1_any"
"[1499, 'Yes']","trial_2",2,"5","five.wav","any_QUD",13.7938,54,"age1_any"
"[1471, 'No']","trial_2",2,"0","summa.wav","any_QUD",13.7938,55,"age1_any"
"[1191, 'Yes']","trial_2",2,"8","eight.wav","any_QUD",13.7938,56,"age1_any"
"[919, 'Yes']","trial_2",2,"13","all.wav","any_QUD",13.7938,57,"age1_any"
"[1596, 'No']","trial_2",2,"13","summa.wav","any_QUD",13.7938,58,"age1_any"
"[3284, 'No']","trial_2",2,"13","ten.wav","any_QUD",13.7938,59,"age1_any"
"[1937, 'Yes']","trial_2",2,"2","summa.wav","any_QUD",13.7938,60,"age1_any"
"[1413, 'No']","trial_2",2,"5","all.wav","any_QUD",13.7938,61,"age1_any"
"[1418, 'No']","trial_2",2,"8","all.wav","any_QUD",13.7938,62,"age1_any"
"[1978, 'No']","trial_2",2,"13","summa.wav","any_QUD",13.7938,63,"age1_any"
"[2266, 'No']","trial_2",2,"11","one.wav","any_QUD",13.7938,64,"age1_any"
"[1428, 'No']","trial_2",2,"13","none.wav","any_QUD",13.7938,65,"age1_any"
"[1340, 'Yes']","trial_2",2,"5","five.wav","any_QUD",13.7938,66,"age1_any"
"[1804, 'Yes']","trial_2",2,"0","none.wav","any_QUD",13.7938,67,"age1_any"
"[1282, 'No']","trial_2",2,"2","none.wav","any_QUD",13.7938,68,"age1_any"
"[1634, 'No']","trial_2",2,"0","summa.wav","any_QUD",13.7938,69,"age1_any"
"[1588, 'Yes']","trial_2",2,"5","nine.wav","any_QUD",13.7938,70,"age1_any"
"[10118, 'Yes']","trial_2",2,"8","eight.wav","any_QUD",13.7938,71,"age1_any"
"[1076, 'Yes']","trial_2",2,"2","two.wav","any_QUD",13.7938,72,"age1_any"
"[1371, 'No']","trial_2",2,"0","all.wav","any_QUD",13.7938,73,"age1_any"
"[1034, 'Yes']","trial_2",2,"13","all.wav","any_QUD",13.7938,74,"age1_any"
"[1427, 'No']","trial_2",2,"13","summa.wav","any_QUD",13.7938,75,"age1_any"
"[1462, 'No']","trial_2",2,"11","all.wav","any_QUD",13.7938,76,"age1_any"
"[972, 'Yes']","trial_2",2,"13","all.wav","any_QUD",13.7938,77,"age1_any"
"[1434, 'No']","trial_2",2,"2","twelve.wav","any_QUD",13.7938,78,"age1_any"
"[2078, 'Yes']","trial_2",2,"11","summa.wav","any_QUD",13.7938,79,"age1_any"
"[1976, 'No']","trial_2",2,"8","two.wav","any_QUD",13.7938,80,"age1_any"
"[1456, 'No']","trial_2",2,"13","five.wav","any_QUD",13.7938,81,"age1_any"
"[4268, 'Yes']","trial_2",2,"11","eleven.wav","any_QUD",13.7938,82,"age1_any"
"[1497, 'No']","trial_2",2,"13","summa.wav","any_QUD",13.7938,83,"age1_any"
"[0, 'Sarah']","bot_check",3,"Sarah","","any_QUD",11.19175,1,"age1_any"
"[0, 'Four']","audio_check",3,"","","any_QUD",11.19175,3,"age1_any"
"[0, 'Empty']","comprehension_check_1",3,"","","any_QUD",11.19175,4,"age1_any"
"[0, 'Jam']","comprehension_check_1",3,"","","any_QUD",11.19175,4,"age1_any"
"[1522, 'No']","practice_trial",3,"13","none.wav","any_QUD",11.19175,6,"age1_any"
"[1540, 'Yes']","practice_trial",3,"13","all.wav","any_QUD",11.19175,7,"age1_any"
"[1636, 'No']","practice_trial",3,"0","all.wav","any_QUD",11.19175,8,"age1_any"
"[1612, 'Yes']","practice_trial",3,"0","none.wav","any_QUD",11.19175,9,"age1_any"
"[2459, 'Yes']","trial_1",3,"13","summa.wav","any_QUD",11.19175,11,"age1_any"
"[1675, 'Yes']","trial_1",3,"0","none.wav","any_QUD",11.19175,12,"age1_any"
"[3044, 'Yes']","trial_1",3,"8","eight.wav","any_QUD",11.19175,13,"age1_any"
"[1795, 'No']","trial_1",3,"0","summa.wav","any_QUD",11.19175,14,"age1_any"
"[1614, 'No']","trial_1",3,"2","all.wav","any_QUD",11.19175,15,"age1_any"
"[2132, 'Yes']","trial_1",3,"8","summa.wav","any_QUD",11.19175,16,"age1_any"
"[1645, 'Yes']","trial_1",3,"13","all.wav","any_QUD",11.19175,17,"age1_any"
"[4340, 'Yes']","trial_1",3,"13","summa.wav","any_QUD",11.19175,18,"age1_any"
"[1684, 'Yes']","trial_1",3,"2","two.wav","any_QUD",11.19175,19,"age1_any"
"[1445, 'No']","trial_1",3,"5","all.wav","any_QUD",11.19175,20,"age1_any"
"[11724, 'No']","trial_1",3,"11","thirteen.wav","any_QUD",11.19175,21,"age1_any"
"[1812, 'No']","trial_1",3,"8","none.wav","any_QUD",11.19175,22,"age1_any"
"[2196, 'No']","trial_1",3,"13","eight.wav","any_QUD",11.19175,23,"age1_any"
"[1541, 'Yes']","trial_1",3,"2","two.wav","any_QUD",11.19175,24,"age1_any"
"[1548, 'Yes']","trial_1",3,"13","all.wav","any_QUD",11.19175,25,"age1_any"
"[1996, 'No']","trial_1",3,"5","four.wav","any_QUD",11.19175,26,"age1_any"
"[2364, 'No']","trial_1",3,"8","eleven.wav","any_QUD",11.19175,27,"age1_any"
"[1419, 'No']","trial_1",3,"0","five.wav","any_QUD",11.19175,28,"age1_any"
"[4580, 'Yes']","trial_1",3,"11","eleven.wav","any_QUD",11.19175,29,"age1_any"
"[1579, 'No']","trial_1",3,"11","all.wav","any_QUD",11.19175,30,"age1_any"
"[1589, 'Yes']","trial_1",3,"2","two.wav","any_QUD",11.19175,31,"age1_any"
"[3740, 'Yes']","trial_1",3,"13","summa.wav","any_QUD",11.19175,32,"age1_any"
"[1596, 'Yes']","trial_1",3,"5","summa.wav","any_QUD",11.19175,33,"age1_any"
"[3310, 'Yes']","trial_1",3,"13","summa.wav","any_QUD",11.19175,34,"age1_any"
"[1404, 'Yes']","trial_1",3,"2","two.wav","any_QUD",11.19175,35,"age1_any"
"[1620, 'Yes']","trial_1",3,"5","five.wav","any_QUD",11.19175,36,"age1_any"
"[1469, 'Yes']","trial_1",3,"8","eight.wav","any_QUD",11.19175,37,"age1_any"
"[1627, 'Yes']","trial_1",3,"13","all.wav","any_QUD",11.19175,38,"age1_any"
"[1475, 'No']","trial_1",3,"0","summa.wav","any_QUD",11.19175,39,"age1_any"
"[1379, 'No']","trial_1",3,"0","all.wav","any_QUD",11.19175,40,"age1_any"
"[1548, 'No']","trial_1",3,"5","ten.wav","any_QUD",11.19175,41,"age1_any"
"[1540, 'Yes']","trial_1",3,"0","none.wav","any_QUD",11.19175,42,"age1_any"
"[2156, 'No']","trial_1",3,"11","none.wav","any_QUD",11.19175,43,"age1_any"
"[1701, 'No']","trial_1",3,"0","eleven.wav","any_QUD",11.19175,44,"age1_any"
"[1796, 'No']","trial_1",3,"11","seven.wav","any_QUD",11.19175,45,"age1_any"
"[1532, 'Yes']","trial_1",3,"13","all.wav","any_QUD",11.19175,46,"age1_any"
"[0, 'Jam']","comprehension_check_2",3,"","","any_QUD",11.19175,47,"age1_any"
"[1427, 'No']","trial_2",3,"8","all.wav","any_QUD",11.19175,48,"age1_any"
"[1460, 'Yes']","trial_2",3,"0","none.wav","any_QUD",11.19175,49,"age1_any"
"[1579, 'Yes']","trial_2",3,"13","all.wav","any_QUD",11.19175,50,"age1_any"
"[1651, 'No']","trial_2",3,"13","ten.wav","any_QUD",11.19175,51,"age1_any"
"[1588, 'No']","trial_2",3,"5","all.wav","any_QUD",11.19175,52,"age1_any"
"[2699, 'Yes']","trial_2",3,"8","eight.wav","any_QUD",11.19175,53,"age1_any"
"[1492, 'Yes']","trial_2",3,"5","five.wav","any_QUD",11.19175,54,"age1_any"
"[1340, 'Yes']","trial_2",3,"2","two.wav","any_QUD",11.19175,55,"age1_any"
"[1972, 'Yes']","trial_2",3,"13","summa.wav","any_QUD",11.19175,56,"age1_any"
"[1487, 'No']","trial_2",3,"0","summa.wav","any_QUD",11.19175,57,"age1_any"
"[1620, 'Yes']","trial_2",3,"13","summa.wav","any_QUD",11.19175,58,"age1_any"
"[1724, 'Yes']","trial_2",3,"8","eight.wav","any_QUD",11.19175,59,"age1_any"
"[1348, 'No']","trial_2",3,"0","three.wav","any_QUD",11.19175,60,"age1_any"
"[1445, 'Yes']","trial_2",3,"13","all.wav","any_QUD",11.19175,61,"age1_any"
"[1636, 'No']","trial_2",3,"11","one.wav","any_QUD",11.19175,62,"age1_any"
"[1467, 'No']","trial_2",3,"5","two.wav","any_QUD",11.19175,63,"age1_any"
"[1643, 'Yes']","trial_2",3,"2","summa.wav","any_QUD",11.19175,64,"age1_any"
"[1468, 'No']","trial_2",3,"13","none.wav","any_QUD",11.19175,65,"age1_any"
"[1788, 'No']","trial_2",3,"5","nine.wav","any_QUD",11.19175,66,"age1_any"
"[1364, 'No']","trial_2",3,"11","all.wav","any_QUD",11.19175,67,"age1_any"
"[1756, 'Yes']","trial_2",3,"13","summa.wav","any_QUD",11.19175,68,"age1_any"
"[1212, 'No']","trial_2",3,"2","none.wav","any_QUD",11.19175,69,"age1_any"
"[1803, 'Yes']","trial_2",3,"11","eleven.wav","any_QUD",11.19175,70,"age1_any"
"[1115, 'Yes']","trial_2",3,"13","all.wav","any_QUD",11.19175,71,"age1_any"
"[1508, 'No']","trial_2",3,"13","five.wav","any_QUD",11.19175,72,"age1_any"
"[1612, 'Yes']","trial_2",3,"5","five.wav","any_QUD",11.19175,73,"age1_any"
"[1540, 'No']","trial_2",3,"0","summa.wav","any_QUD",11.19175,74,"age1_any"
"[1508, 'No']","trial_2",3,"8","two.wav","any_QUD",11.19175,75,"age1_any"
"[1571, 'Yes']","trial_2",3,"2","two.wav","any_QUD",11.19175,76,"age1_any"
"[1435, 'No']","trial_2",3,"0","all.wav","any_QUD",11.19175,77,"age1_any"
"[1589, 'Yes']","trial_2",3,"0","none.wav","any_QUD",11.19175,78,"age1_any"
"[1484, 'Yes']","trial_2",3,"13","all.wav","any_QUD",11.19175,79,"age1_any"
"[1436, 'No']","trial_2",3,"2","twelve.wav","any_QUD",11.19175,80,"age1_any"
"[1660, 'Yes']","trial_2",3,"13","summa.wav","any_QUD",11.19175,81,"age1_any"
"[1604, 'Yes']","trial_2",3,"11","summa.wav","any_QUD",11.19175,82,"age1_any"
"[2588, 'Yes']","trial_2",3,"8","eight.wav","any_QUD",11.19175,83,"age1_any"
"[0, 'Jennifer']","bot_check",4,"Jennifer","","no_QUD",8.71666666666667,1,"age1_no"
"[0, 'Four']","audio_check",4,"","","no_QUD",8.71666666666667,3,"age1_no"
"[4400, 'No']","practice_trial",4,"13","none.wav","no_QUD",8.71666666666667,6,"age1_no"
"[1800, 'Yes']","practice_trial",4,"13","all.wav","no_QUD",8.71666666666667,7,"age1_no"
"[1700, 'No']","practice_trial",4,"0","all.wav","no_QUD",8.71666666666667,8,"age1_no"
"[1500, 'Yes']","practice_trial",4,"0","none.wav","no_QUD",8.71666666666667,9,"age1_no"
"[3100, 'No']","trial_1",4,"13","summa.wav","no_QUD",8.71666666666667,11,"age1_no"
"[1700, 'No']","trial_1",4,"0","summa.wav","no_QUD",8.71666666666667,12,"age1_no"
"[5600, 'No']","trial_1",4,"11","thirteen.wav","no_QUD",8.71666666666667,13,"age1_no"
"[2100, 'Yes']","trial_1",4,"8","summa.wav","no_QUD",8.71666666666667,14,"age1_no"
"[4800, 'Yes']","trial_1",4,"8","eight.wav","no_QUD",8.71666666666667,15,"age1_no"
"[1900, 'No']","trial_1",4,"5","four.wav","no_QUD",8.71666666666667,16,"age1_no"
"[1200, 'Yes']","trial_1",4,"2","two.wav","no_QUD",8.71666666666667,17,"age1_no"
"[1400, 'Yes']","trial_1",4,"13","all.wav","no_QUD",8.71666666666667,18,"age1_no"
"[1600, 'Yes']","trial_1",4,"0","none.wav","no_QUD",8.71666666666667,19,"age1_no"
"[3600, 'No']","trial_1",4,"8","eleven.wav","no_QUD",8.71666666666667,20,"age1_no"
"[1900, 'No']","trial_1",4,"0","five.wav","no_QUD",8.71666666666667,21,"age1_no"
"[2300, 'No']","trial_1",4,"2","all.wav","no_QUD",8.71666666666667,22,"age1_no"
"[2500, 'Yes']","trial_1",4,"2","two.wav","no_QUD",8.71666666666667,23,"age1_no"
"[1800, 'Yes']","trial_1",4,"13","all.wav","no_QUD",8.71666666666667,24,"age1_no"
"[2100, 'No']","trial_1",4,"5","all.wav","no_QUD",8.71666666666667,25,"age1_no"
"[1700, 'No']","trial_1",4,"13","summa.wav","no_QUD",8.71666666666667,26,"age1_no"
"[2000, 'No']","trial_1",4,"13","eight.wav","no_QUD",8.71666666666667,27,"age1_no"
"[2100, 'No']","trial_1",4,"8","none.wav","no_QUD",8.71666666666667,28,"age1_no"
"[1700, 'No']","trial_1",4,"13","summa.wav","no_QUD",8.71666666666667,29,"age1_no"
"[1800, 'Yes']","trial_1",4,"2","two.wav","no_QUD",8.71666666666667,30,"age1_no"
"[5200, 'Yes']","trial_1",4,"11","eleven.wav","no_QUD",8.71666666666667,31,"age1_no"
"[3500, 'No']","trial_1",4,"11","seven.wav","no_QUD",8.71666666666667,32,"age1_no"
"[1500, 'No']","trial_1",4,"13","summa.wav","no_QUD",8.71666666666667,33,"age1_no"
"[1300, 'No']","trial_1",4,"0","summa.wav","no_QUD",8.71666666666667,34,"age1_no"
"[1400, 'No']","trial_1",4,"11","all.wav","no_QUD",8.71666666666667,35,"age1_no"
"[1600, 'Yes']","trial_1",4,"13","all.wav","no_QUD",8.71666666666667,36,"age1_no"
"[1700, 'No']","trial_1",4,"0","eleven.wav","no_QUD",8.71666666666667,37,"age1_no"
"[1800, 'Yes']","trial_1",4,"5","five.wav","no_QUD",8.71666666666667,38,"age1_no"
"[1500, 'No']","trial_1",4,"11","none.wav","no_QUD",8.71666666666667,39,"age1_no"
"[1600, 'Yes']","trial_1",4,"2","two.wav","no_QUD",8.71666666666667,40,"age1_no"
"[1600, 'No']","trial_1",4,"0","all.wav","no_QUD",8.71666666666667,41,"age1_no"
"[1400, 'Yes']","trial_1",4,"13","all.wav","no_QUD",8.71666666666667,42,"age1_no"
"[1600, 'Yes']","trial_1",4,"0","none.wav","no_QUD",8.71666666666667,43,"age1_no"
"[3500, 'Yes']","trial_1",4,"8","eight.wav","no_QUD",8.71666666666667,44,"age1_no"
"[2200, 'Yes']","trial_1",4,"5","summa.wav","no_QUD",8.71666666666667,45,"age1_no"
"[1700, 'No']","trial_1",4,"5","ten.wav","no_QUD",8.71666666666667,46,"age1_no"
"[3800, 'No']","trial_2",4,"13","ten.wav","no_QUD",8.71666666666667,47,"age1_no"
"[3200, 'Yes']","trial_2",4,"8","eight.wav","no_QUD",8.71666666666667,48,"age1_no"
"[1600, 'Yes']","trial_2",4,"13","all.wav","no_QUD",8.71666666666667,49,"age1_no"
"[1500, 'Yes']","trial_2",4,"13","all.wav","no_QUD",8.71666666666667,50,"age1_no"
"[1700, 'No']","trial_2",4,"8","all.wav","no_QUD",8.71666666666667,51,"age1_no"
"[3100, 'Yes']","trial_2",4,"8","eight.wav","no_QUD",8.71666666666667,52,"age1_no"
"[1700, 'No']","trial_2",4,"5","all.wav","no_QUD",8.71666666666667,53,"age1_no"
"[1500, 'No']","trial_2",4,"0","three.wav","no_QUD",8.71666666666667,54,"age1_no"
"[1500, 'Yes']","trial_2",4,"0","none.wav","no_QUD",8.71666666666667,55,"age1_no"
"[1600, 'Yes']","trial_2",4,"2","two.wav","no_QUD",8.71666666666667,56,"age1_no"
"[1600, 'Yes']","trial_2",4,"5","five.wav","no_QUD",8.71666666666667,57,"age1_no"
"[1800, 'No']","trial_2",4,"13","summa.wav","no_QUD",8.71666666666667,58,"age1_no"
"[1300, 'No']","trial_2",4,"13","summa.wav","no_QUD",8.71666666666667,59,"age1_no"
"[1800, 'No']","trial_2",4,"11","one.wav","no_QUD",8.71666666666667,60,"age1_no"
"[1700, 'No']","trial_2",4,"0","summa.wav","no_QUD",8.71666666666667,61,"age1_no"
"[1400, 'No']","trial_2",4,"5","two.wav","no_QUD",8.71666666666667,62,"age1_no"
"[1300, 'No']","trial_2",4,"13","none.wav","no_QUD",8.71666666666667,63,"age1_no"
"[2200, 'Yes']","trial_2",4,"2","summa.wav","no_QUD",8.71666666666667,64,"age1_no"
"[1700, 'No']","trial_2",4,"2","twelve.wav","no_QUD",8.71666666666667,65,"age1_no"
"[1500, 'No']","trial_2",4,"13","five.wav","no_QUD",8.71666666666667,66,"age1_no"
"[2800, 'Yes']","trial_2",4,"8","eight.wav","no_QUD",8.71666666666667,67,"age1_no"
"[2200, 'No']","trial_2",4,"13","summa.wav","no_QUD",8.71666666666667,68,"age1_no"
"[1600, 'Yes']","trial_2",4,"13","all.wav","no_QUD",8.71666666666667,69,"age1_no"
"[1300, 'No']","trial_2",4,"13","summa.wav","no_QUD",8.71666666666667,70,"age1_no"
"[2100, 'Yes']","trial_2",4,"5","five.wav","no_QUD",8.71666666666667,71,"age1_no"
"[1400, 'No']","trial_2",4,"0","summa.wav","no_QUD",8.71666666666667,72,"age1_no"
"[1600, 'Yes']","trial_2",4,"2","two.wav","no_QUD",8.71666666666667,73,"age1_no"
"[2400, 'Yes']","trial_2",4,"11","summa.wav","no_QUD",8.71666666666667,74,"age1_no"
"[1300, 'No']","trial_2",4,"0","all.wav","no_QUD",8.71666666666667,75,"age1_no"
"[1600, 'Yes']","trial_2",4,"13","all.wav","no_QUD",8.71666666666667,76,"age1_no"
"[1800, 'Yes']","trial_2",4,"0","none.wav","no_QUD",8.71666666666667,77,"age1_no"
"[1400, 'No']","trial_2",4,"11","all.wav","no_QUD",8.71666666666667,78,"age1_no"
"[1500, 'No']","trial_2",4,"2","none.wav","no_QUD",8.71666666666667,79,"age1_no"
"[1500, 'No']","trial_2",4,"5","nine.wav","no_QUD",8.71666666666667,80,"age1_no"
"[1800, 'No']","trial_2",4,"8","two.wav","no_QUD",8.71666666666667,81,"age1_no"
"[4700, 'Yes']","trial_2",4,"11","eleven.wav","no_QUD",8.71666666666667,82,"age1_no"
"[0, 'Elizabeth']","bot_check",5,"Elizabeth","","no_QUD",23.7498666666667,1,"age1_no"
"[0, 'Four']","audio_check",5,"","","no_QUD",23.7498666666667,3,"age1_no"
"[1562785676777, 'Yes']","practice_trial",5,"13","none.wav","no_QUD",23.7498666666667,6,"age1_no"
"[1562785679822, 'Yes']","practice_trial",5,"13","all.wav","no_QUD",23.7498666666667,7,"age1_no"
"[1343, 'Yes']","practice_trial",5,"0","all.wav","no_QUD",23.7498666666667,8,"age1_no"
"[1318, 'Yes']","practice_trial",5,"0","none.wav","no_QUD",23.7498666666667,9,"age1_no"
"[1562785687502, 'Yes']","trial_1",5,"13","summa.wav","no_QUD",23.7498666666667,11,"age1_no"
"[1523, 'Yes']","trial_1",5,"0","none.wav","no_QUD",23.7498666666667,12,"age1_no"
"[1121, 'Yes']","trial_1",5,"8","summa.wav","no_QUD",23.7498666666667,13,"age1_no"
"[1537, 'No']","trial_1",5,"2","all.wav","no_QUD",23.7498666666667,14,"age1_no"
"[1329, 'Yes']","trial_1",5,"13","all.wav","no_QUD",23.7498666666667,15,"age1_no"
"[1121, 'No']","trial_1",5,"0","summa.wav","no_QUD",23.7498666666667,16,"age1_no"
"[1749, 'No']","trial_1",5,"11","thirteen.wav","no_QUD",23.7498666666667,17,"age1_no"
"[1329, 'Yes']","trial_1",5,"13","all.wav","no_QUD",23.7498666666667,18,"age1_no"
"[1562785706897, 'No']","trial_1",5,"13","summa.wav","no_QUD",23.7498666666667,19,"age1_no"
"[1357, 'Yes']","trial_1",5,"2","two.wav","no_QUD",23.7498666666667,20,"age1_no"
"[1386, 'Yes']","trial_1",5,"5","all.wav","no_QUD",23.7498666666667,21,"age1_no"
"[1562785714592, 'Yes']","trial_1",5,"13","eight.wav","no_QUD",23.7498666666667,22,"age1_no"
"[1581, 'Yes']","trial_1",5,"8","eight.wav","no_QUD",23.7498666666667,23,"age1_no"
"[1543, 'No']","trial_1",5,"8","none.wav","no_QUD",23.7498666666667,24,"age1_no"
"[1562785727091, 'Yes']","trial_1",5,"2","two.wav","no_QUD",23.7498666666667,25,"age1_no"
"[2169, 'Yes']","trial_1",5,"8","eleven.wav","no_QUD",23.7498666666667,26,"age1_no"
"[1562785738128, 'Yes']","trial_1",5,"5","four.wav","no_QUD",23.7498666666667,27,"age1_no"
"[1562785745043, 'Yes']","trial_1",5,"0","five.wav","no_QUD",23.7498666666667,28,"age1_no"
"[1562785752993, 'No']","trial_1",5,"13","summa.wav","no_QUD",23.7498666666667,29,"age1_no"
"[1452, 'Yes']","trial_1",5,"11","all.wav","no_QUD",23.7498666666667,30,"age1_no"
"[1511, 'Yes']","trial_1",5,"5","ten.wav","no_QUD",23.7498666666667,31,"age1_no"
"[1225, 'Yes']","trial_1",5,"13","summa.wav","no_QUD",23.7498666666667,32,"age1_no"
"[1255, 'Yes']","trial_1",5,"2","two.wav","no_QUD",23.7498666666667,33,"age1_no"
"[1318, 'Yes']","trial_1",5,"5","summa.wav","no_QUD",23.7498666666667,34,"age1_no"
"[1433, 'Yes']","trial_1",5,"11","eleven.wav","no_QUD",23.7498666666667,35,"age1_no"
"[1641, 'Yes']","trial_1",5,"13","all.wav","no_QUD",23.7498666666667,36,"age1_no"
"[1391, 'Yes']","trial_1",5,"0","none.wav","no_QUD",23.7498666666667,37,"age1_no"
"[1374, 'No']","trial_1",5,"5","five.wav","no_QUD",23.7498666666667,38,"age1_no"
"[1314, 'No']","trial_1",5,"11","seven.wav","no_QUD",23.7498666666667,39,"age1_no"
"[1256, 'Yes']","trial_1",5,"0","all.wav","no_QUD",23.7498666666667,40,"age1_no"
"[1267, 'No']","trial_1",5,"2","two.wav","no_QUD",23.7498666666667,41,"age1_no"
"[1492, 'No']","trial_1",5,"13","all.wav","no_QUD",23.7498666666667,42,"age1_no"
"[1511, 'Yes']","trial_1",5,"0","eleven.wav","no_QUD",23.7498666666667,43,"age1_no"
"[1220, 'No']","trial_1",5,"8","eight.wav","no_QUD",23.7498666666667,44,"age1_no"
"[1482, 'No']","trial_1",5,"11","none.wav","no_QUD",23.7498666666667,45,"age1_no"
"[1705, 'No']","trial_1",5,"0","summa.wav","no_QUD",23.7498666666667,46,"age1_no"
"[1562785794708, 'No']","trial_2",5,"8","all.wav","no_QUD",23.7498666666667,47,"age1_no"
"[1569, 'Yes']","trial_2",5,"2","two.wav","no_QUD",23.7498666666667,48,"age1_no"
"[1688, 'Yes']","trial_2",5,"2","summa.wav","no_QUD",23.7498666666667,49,"age1_no"
"[1121, 'No']","trial_2",5,"5","all.wav","no_QUD",23.7498666666667,50,"age1_no"
"[1373, 'No']","trial_2",5,"13","summa.wav","no_QUD",23.7498666666667,51,"age1_no"
"[1616, 'Yes']","trial_2",5,"13","all.wav","no_QUD",23.7498666666667,52,"age1_no"
"[1932, 'No']","trial_2",5,"8","eight.wav","no_QUD",23.7498666666667,53,"age1_no"
"[2034, 'No']","trial_2",5,"0","none.wav","no_QUD",23.7498666666667,54,"age1_no"
"[1853, 'Yes']","trial_2",5,"11","one.wav","no_QUD",23.7498666666667,55,"age1_no"
"[1611, 'Yes']","trial_2",5,"13","ten.wav","no_QUD",23.7498666666667,56,"age1_no"
"[1452, 'Yes']","trial_2",5,"5","two.wav","no_QUD",23.7498666666667,57,"age1_no"
"[1811, 'Yes']","trial_2",5,"5","five.wav","no_QUD",23.7498666666667,58,"age1_no"
"[1510, 'No']","trial_2",5,"13","summa.wav","no_QUD",23.7498666666667,59,"age1_no"
"[1118, 'Yes']","trial_2",5,"0","summa.wav","no_QUD",23.7498666666667,60,"age1_no"
"[1103, 'Yes']","trial_2",5,"13","all.wav","no_QUD",23.7498666666667,61,"age1_no"
"[1451, 'Yes']","trial_2",5,"13","none.wav","no_QUD",23.7498666666667,62,"age1_no"
"[1675, 'No']","trial_2",5,"8","eight.wav","no_QUD",23.7498666666667,63,"age1_no"
"[1376, 'No']","trial_2",5,"0","three.wav","no_QUD",23.7498666666667,64,"age1_no"
"[1075, 'Yes']","trial_2",5,"8","two.wav","no_QUD",23.7498666666667,65,"age1_no"
"[1465, 'Yes']","trial_2",5,"8","eight.wav","no_QUD",23.7498666666667,66,"age1_no"
"[1180, 'No']","trial_2",5,"0","none.wav","no_QUD",23.7498666666667,67,"age1_no"
"[1209, 'No']","trial_2",5,"13","summa.wav","no_QUD",23.7498666666667,68,"age1_no"
"[1343, 'Yes']","trial_2",5,"2","two.wav","no_QUD",23.7498666666667,69,"age1_no"
"[1536, 'No']","trial_2",5,"13","five.wav","no_QUD",23.7498666666667,70,"age1_no"
"[1567, 'No']","trial_2",5,"13","all.wav","no_QUD",23.7498666666667,71,"age1_no"
"[1447, 'Yes']","trial_2",5,"0","all.wav","no_QUD",23.7498666666667,72,"age1_no"
"[1523, 'Yes']","trial_2",5,"11","summa.wav","no_QUD",23.7498666666667,73,"age1_no"
"[1405, 'Yes']","trial_2",5,"2","twelve.wav","no_QUD",23.7498666666667,74,"age1_no"
"[1585, 'Yes']","trial_2",5,"0","summa.wav","no_QUD",23.7498666666667,75,"age1_no"
"[1355, 'No']","trial_2",5,"13","summa.wav","no_QUD",23.7498666666667,76,"age1_no"
"[1196, 'Yes']","trial_2",5,"2","none.wav","no_QUD",23.7498666666667,77,"age1_no"
"[1250, 'Yes']","trial_2",5,"5","nine.wav","no_QUD",23.7498666666667,78,"age1_no"
"[1377, 'Yes']","trial_2",5,"5","five.wav","no_QUD",23.7498666666667,79,"age1_no"
"[1562785872680, 'No']","trial_2",5,"13","all.wav","no_QUD",23.7498666666667,80,"age1_no"
"[1562785876864, 'No']","trial_2",5,"11","eleven.wav","no_QUD",23.7498666666667,81,"age1_no"
"[1562785882879, 'No']","trial_2",5,"11","all.wav","no_QUD",23.7498666666667,82,"age1_no"
"[0, 'Margaret']","bot_check",6,"Margaret","","all_QUD",9.38555,1,"age2_all"
"[0, 'Four']","audio_check",6,"","","all_QUD",9.38555,3,"age2_all"
"[0, 'Empty']","comprehension_check_1",6,"","","all_QUD",9.38555,4,"age2_all"
"[1562784252932, 'No']","practice_trial",6,"13","none.wav","all_QUD",9.38555,6,"age2_all"
"[1562784258284, 'Yes']","practice_trial",6,"13","all.wav","all_QUD",9.38555,7,"age2_all"
"[1562784263932, 'No']","practice_trial",6,"0","all.wav","all_QUD",9.38555,8,"age2_all"
"[1562784269620, 'Yes']","practice_trial",6,"0","none.wav","all_QUD",9.38555,9,"age2_all"
"[1451, 'No']","trial_1",6,"5","all.wav","all_QUD",9.38555,11,"age2_all"
"[6240, 'No']","trial_1",6,"8","eleven.wav","all_QUD",9.38555,12,"age2_all"
"[2893, 'No']","trial_1",6,"13","eight.wav","all_QUD",9.38555,13,"age2_all"
"[2066, 'No']","trial_1",6,"0","summa.wav","all_QUD",9.38555,14,"age2_all"
"[1964, 'No']","trial_1",6,"8","none.wav","all_QUD",9.38555,15,"age2_all"
"[2804, 'No']","trial_1",6,"5","four.wav","all_QUD",9.38555,16,"age2_all"
"[4563, 'No']","trial_1",6,"11","thirteen.wav","all_QUD",9.38555,17,"age2_all"
"[1539, 'Yes']","trial_1",6,"2","two.wav","all_QUD",9.38555,18,"age2_all"
"[1450, 'Yes']","trial_1",6,"0","none.wav","all_QUD",9.38555,19,"age2_all"
"[2036, 'No']","trial_1",6,"13","summa.wav","all_QUD",9.38555,20,"age2_all"
"[1595, 'No']","trial_1",6,"13","summa.wav","all_QUD",9.38555,21,"age2_all"
"[1130, 'Yes']","trial_1",6,"13","all.wav","all_QUD",9.38555,22,"age2_all"
"[1122, 'No']","trial_1",6,"2","all.wav","all_QUD",9.38555,23,"age2_all"
"[1234, 'No']","trial_1",6,"0","five.wav","all_QUD",9.38555,24,"age2_all"
"[1377, 'Yes']","trial_1",6,"8","eight.wav","all_QUD",9.38555,25,"age2_all"
"[1233, 'Yes']","trial_1",6,"2","two.wav","all_QUD",9.38555,26,"age2_all"
"[2115, 'Yes']","trial_1",6,"8","summa.wav","all_QUD",9.38555,27,"age2_all"
"[1099, 'Yes']","trial_1",6,"13","all.wav","all_QUD",9.38555,28,"age2_all"
"[1299, 'No']","trial_1",6,"0","all.wav","all_QUD",9.38555,29,"age2_all"
"[985, 'Yes']","trial_1",6,"13","all.wav","all_QUD",9.38555,30,"age2_all"
"[1034, 'Yes']","trial_1",6,"13","all.wav","all_QUD",9.38555,31,"age2_all"
"[1289, 'No']","trial_1",6,"0","summa.wav","all_QUD",9.38555,32,"age2_all"
"[3364, 'Yes']","trial_1",6,"11","eleven.wav","all_QUD",9.38555,33,"age2_all"
"[1547, 'No']","trial_1",6,"13","summa.wav","all_QUD",9.38555,34,"age2_all"
"[3564, 'Yes']","trial_1",6,"8","eight.wav","all_QUD",9.38555,35,"age2_all"
"[1420, 'Yes']","trial_1",6,"0","none.wav","all_QUD",9.38555,36,"age2_all"
"[1459, 'No']","trial_1",6,"5","ten.wav","all_QUD",9.38555,37,"age2_all"
"[1715, 'Yes']","trial_1",6,"5","summa.wav","all_QUD",9.38555,38,"age2_all"
"[1357, 'No']","trial_1",6,"11","all.wav","all_QUD",9.38555,39,"age2_all"
"[1108, 'Yes']","trial_1",6,"2","two.wav","all_QUD",9.38555,40,"age2_all"
"[1282, 'No']","trial_1",6,"0","eleven.wav","all_QUD",9.38555,41,"age2_all"
"[1209, 'Yes']","trial_1",6,"5","five.wav","all_QUD",9.38555,42,"age2_all"
"[2235, 'No']","trial_1",6,"11","seven.wav","all_QUD",9.38555,43,"age2_all"
"[1723, 'No']","trial_1",6,"11","none.wav","all_QUD",9.38555,44,"age2_all"
"[1144, 'Yes']","trial_1",6,"2","two.wav","all_QUD",9.38555,45,"age2_all"
"[1683, 'No']","trial_1",6,"13","summa.wav","all_QUD",9.38555,46,"age2_all"
"[0, 'Empty']","comprehension_check_2",6,"","","all_QUD",9.38555,47,"age2_all"
"[1914, 'No']","trial_2",6,"13","none.wav","all_QUD",9.38555,48,"age2_all"
"[1139, 'Yes']","trial_2",6,"13","all.wav","all_QUD",9.38555,49,"age2_all"
"[1267, 'No']","trial_2",6,"0","three.wav","all_QUD",9.38555,50,"age2_all"
"[1283, 'No']","trial_2",6,"8","all.wav","all_QUD",9.38555,51,"age2_all"
"[1268, 'Yes']","trial_2",6,"2","two.wav","all_QUD",9.38555,52,"age2_all"
"[834, 'Yes']","trial_2",6,"13","all.wav","all_QUD",9.38555,53,"age2_all"
"[1201, 'Yes']","trial_2",6,"8","eight.wav","all_QUD",9.38555,54,"age2_all"
"[1217, 'No']","trial_2",6,"5","two.wav","all_QUD",9.38555,55,"age2_all"
"[2443, 'No']","trial_2",6,"13","ten.wav","all_QUD",9.38555,56,"age2_all"
"[1587, 'No']","trial_2",6,"13","summa.wav","all_QUD",9.38555,57,"age2_all"
"[1162, 'Yes']","trial_2",6,"5","five.wav","all_QUD",9.38555,58,"age2_all"
"[1419, 'No']","trial_2",6,"2","summa.wav","all_QUD",9.38555,59,"age2_all"
"[1843, 'No']","trial_2",6,"11","one.wav","all_QUD",9.38555,60,"age2_all"
"[1594, 'No']","trial_2",6,"13","summa.wav","all_QUD",9.38555,61,"age2_all"
"[1371, 'Yes']","trial_2",6,"0","none.wav","all_QUD",9.38555,62,"age2_all"
"[1131, 'No']","trial_2",6,"0","summa.wav","all_QUD",9.38555,63,"age2_all"
"[1417, 'Yes']","trial_2",6,"8","eight.wav","all_QUD",9.38555,64,"age2_all"
"[1156, 'No']","trial_2",6,"5","all.wav","all_QUD",9.38555,65,"age2_all"
"[2939, 'Yes']","trial_2",6,"11","eleven.wav","all_QUD",9.38555,66,"age2_all"
"[1395, 'No']","trial_2",6,"13","summa.wav","all_QUD",9.38555,67,"age2_all"
"[2322, 'No']","trial_2",6,"8","two.wav","all_QUD",9.38555,68,"age2_all"
"[1236, 'Yes']","trial_2",6,"0","none.wav","all_QUD",9.38555,69,"age2_all"
"[1124, 'No']","trial_2",6,"0","all.wav","all_QUD",9.38555,70,"age2_all"
"[1395, 'No']","trial_2",6,"11","all.wav","all_QUD",9.38555,71,"age2_all"
"[1868, 'No']","trial_2",6,"13","summa.wav","all_QUD",9.38555,72,"age2_all"
"[1219, 'No']","trial_2",6,"2","none.wav","all_QUD",9.38555,73,"age2_all"
"[1164, 'No']","trial_2",6,"5","nine.wav","all_QUD",9.38555,74,"age2_all"
"[1171, 'Yes']","trial_2",6,"5","five.wav","all_QUD",9.38555,75,"age2_all"
"[1250, 'No']","trial_2",6,"2","twelve.wav","all_QUD",9.38555,76,"age2_all"
"[1339, 'No']","trial_2",6,"13","five.wav","all_QUD",9.38555,77,"age2_all"
"[1570, 'Yes']","trial_2",6,"8","eight.wav","all_QUD",9.38555,78,"age2_all"
"[2067, 'Yes']","trial_2",6,"11","summa.wav","all_QUD",9.38555,79,"age2_all"
"[1499, 'No']","trial_2",6,"0","summa.wav","all_QUD",9.38555,80,"age2_all"
"[1148, 'Yes']","trial_2",6,"13","all.wav","all_QUD",9.38555,81,"age2_all"
"[1313, 'Yes']","trial_2",6,"2","two.wav","all_QUD",9.38555,82,"age2_all"
"[1371, 'Yes']","trial_2",6,"13","all.wav","all_QUD",9.38555,83,"age2_all"
"[0, 'Jennifer']","bot_check",7,"Jennifer","","all_QUD",8.23926666666667,1,"age2_all"
"[0, 'Four']","audio_check",7,"","","all_QUD",8.23926666666667,3,"age2_all"
"[0, 'Empty']","comprehension_check_1",7,"","","all_QUD",8.23926666666667,4,"age2_all"
"[1562784482585, 'No']","practice_trial",7,"13","none.wav","all_QUD",8.23926666666667,6,"age2_all"
"[1562784487648, 'Yes']","practice_trial",7,"13","all.wav","all_QUD",8.23926666666667,7,"age2_all"
"[1562784492685, 'No']","practice_trial",7,"0","all.wav","all_QUD",8.23926666666667,8,"age2_all"
"[1562784497440, 'Yes']","practice_trial",7,"0","none.wav","all_QUD",8.23926666666667,9,"age2_all"
"[1298, 'Yes']","trial_1",7,"2","two.wav","all_QUD",8.23926666666667,11,"age2_all"
"[2874, 'No']","trial_1",7,"5","four.wav","all_QUD",8.23926666666667,12,"age2_all"
"[2185, 'No']","trial_1",7,"13","summa.wav","all_QUD",8.23926666666667,13,"age2_all"
"[1376, 'No']","trial_1",7,"5","all.wav","all_QUD",8.23926666666667,14,"age2_all"
"[1361, 'No']","trial_1",7,"8","none.wav","all_QUD",8.23926666666667,15,"age2_all"
"[1794, 'Yes']","trial_1",7,"8","summa.wav","all_QUD",8.23926666666667,16,"age2_all"
"[867, 'Yes']","trial_1",7,"13","all.wav","all_QUD",8.23926666666667,17,"age2_all"
"[3801, 'Yes']","trial_1",7,"8","eight.wav","all_QUD",8.23926666666667,18,"age2_all"
"[1684, 'No']","trial_1",7,"13","summa.wav","all_QUD",8.23926666666667,19,"age2_all"
"[1089, 'Yes']","trial_1",7,"2","two.wav","all_QUD",8.23926666666667,20,"age2_all"
"[1504, 'No']","trial_1",7,"0","five.wav","all_QUD",8.23926666666667,21,"age2_all"
"[3343, 'No']","trial_1",7,"8","eleven.wav","all_QUD",8.23926666666667,22,"age2_all"
"[1322, 'No']","trial_1",7,"0","summa.wav","all_QUD",8.23926666666667,23,"age2_all"
"[1306, 'Yes']","trial_1",7,"0","none.wav","all_QUD",8.23926666666667,24,"age2_all"
"[4728, 'No']","trial_1",7,"11","thirteen.wav","all_QUD",8.23926666666667,25,"age2_all"
"[1222, 'No']","trial_1",7,"13","eight.wav","all_QUD",8.23926666666667,26,"age2_all"
"[745, 'Yes']","trial_1",7,"13","all.wav","all_QUD",8.23926666666667,27,"age2_all"
"[1251, 'No']","trial_1",7,"2","all.wav","all_QUD",8.23926666666667,28,"age2_all"
"[1217, 'No']","trial_1",7,"0","summa.wav","all_QUD",8.23926666666667,29,"age2_all"
"[975, 'Yes']","trial_1",7,"2","two.wav","all_QUD",8.23926666666667,30,"age2_all"
"[2511, 'No']","trial_1",7,"8","eight.wav","all_QUD",8.23926666666667,31,"age2_all"
"[1323, 'No']","trial_1",7,"11","all.wav","all_QUD",8.23926666666667,32,"age2_all"
"[1111, 'No']","trial_1",7,"0","all.wav","all_QUD",8.23926666666667,33,"age2_all"
"[1539, 'No']","trial_1",7,"13","summa.wav","all_QUD",8.23926666666667,34,"age2_all"
"[1264, 'No']","trial_1",7,"13","summa.wav","all_QUD",8.23926666666667,35,"age2_all"
"[1125, 'Yes']","trial_1",7,"5","five.wav","all_QUD",8.23926666666667,36,"age2_all"
"[1153, 'Yes']","trial_1",7,"2","two.wav","all_QUD",8.23926666666667,37,"age2_all"
"[3940, 'Yes']","trial_1",7,"11","eleven.wav","all_QUD",8.23926666666667,38,"age2_all"
"[1537, 'No']","trial_1",7,"11","none.wav","all_QUD",8.23926666666667,39,"age2_all"
"[1246, 'No']","trial_1",7,"5","ten.wav","all_QUD",8.23926666666667,40,"age2_all"
"[1352, 'No']","trial_1",7,"0","none.wav","all_QUD",8.23926666666667,41,"age2_all"
"[1019, 'Yes']","trial_1",7,"13","all.wav","all_QUD",8.23926666666667,42,"age2_all"
"[1080, 'Yes']","trial_1",7,"13","all.wav","all_QUD",8.23926666666667,43,"age2_all"
"[1580, 'No']","trial_1",7,"0","eleven.wav","all_QUD",8.23926666666667,44,"age2_all"
"[1553, 'Yes']","trial_1",7,"5","summa.wav","all_QUD",8.23926666666667,45,"age2_all"
"[1797, 'No']","trial_1",7,"11","seven.wav","all_QUD",8.23926666666667,46,"age2_all"
"[0, 'Empty']","comprehension_check_2",7,"","","all_QUD",8.23926666666667,47,"age2_all"
"[1326, 'No']","trial_2",7,"8","all.wav","all_QUD",8.23926666666667,48,"age2_all"
"[820, 'Yes']","trial_2",7,"13","all.wav","all_QUD",8.23926666666667,49,"age2_all"
"[975, 'Yes']","trial_2",7,"13","all.wav","all_QUD",8.23926666666667,50,"age2_all"
"[3118, 'Yes']","trial_2",7,"8","eight.wav","all_QUD",8.23926666666667,51,"age2_all"
"[1284, 'Yes']","trial_2",7,"0","none.wav","all_QUD",8.23926666666667,52,"age2_all"
"[1124, 'No']","trial_2",7,"5","all.wav","all_QUD",8.23926666666667,53,"age2_all"
"[1208, 'Yes']","trial_2",7,"2","two.wav","all_QUD",8.23926666666667,54,"age2_all"
"[1795, 'Yes']","trial_2",7,"2","summa.wav","all_QUD",8.23926666666667,55,"age2_all"
"[1517, 'No']","trial_2",7,"0","summa.wav","all_QUD",8.23926666666667,56,"age2_all"
"[1674, 'Yes']","trial_2",7,"5","five.wav","all_QUD",8.23926666666667,57,"age2_all"
"[1409, 'No']","trial_2",7,"13","summa.wav","all_QUD",8.23926666666667,58,"age2_all"
"[2923, 'Yes']","trial_2",7,"8","eight.wav","all_QUD",8.23926666666667,59,"age2_all"
"[1531, 'No']","trial_2",7,"13","summa.wav","all_QUD",8.23926666666667,60,"age2_all"
"[2837, 'No']","trial_2",7,"13","ten.wav","all_QUD",8.23926666666667,61,"age2_all"
"[1705, 'No']","trial_2",7,"13","none.wav","all_QUD",8.23926666666667,62,"age2_all"
"[1758, 'No']","trial_2",7,"11","one.wav","all_QUD",8.23926666666667,63,"age2_all"
"[1146, 'No']","trial_2",7,"0","three.wav","all_QUD",8.23926666666667,64,"age2_all"
"[1056, 'No']","trial_2",7,"5","two.wav","all_QUD",8.23926666666667,65,"age2_all"
"[803, 'Yes']","trial_2",7,"13","all.wav","all_QUD",8.23926666666667,66,"age2_all"
"[1080, 'No']","trial_2",7,"2","twelve.wav","all_QUD",8.23926666666667,67,"age2_all"
"[2065, 'Yes']","trial_2",7,"13","all.wav","all_QUD",8.23926666666667,68,"age2_all"
"[974, 'No']","trial_2",7,"2","none.wav","all_QUD",8.23926666666667,69,"age2_all"
"[902, 'Yes']","trial_2",7,"5","five.wav","all_QUD",8.23926666666667,70,"age2_all"
"[1037, 'No']","trial_2",7,"0","summa.wav","all_QUD",8.23926666666667,71,"age2_all"
"[5811, 'Yes']","trial_2",7,"11","summa.wav","all_QUD",8.23926666666667,72,"age2_all"
"[1150, 'No']","trial_2",7,"13","five.wav","all_QUD",8.23926666666667,73,"age2_all"
"[1496, 'Yes']","trial_2",7,"11","eleven.wav","all_QUD",8.23926666666667,74,"age2_all"
"[1399, 'No']","trial_2",7,"8","two.wav","all_QUD",8.23926666666667,75,"age2_all"
"[3022, 'No']","trial_2",7,"13","summa.wav","all_QUD",8.23926666666667,76,"age2_all"
"[952, 'Yes']","trial_2",7,"0","none.wav","all_QUD",8.23926666666667,77,"age2_all"
"[1237, 'No']","trial_2",7,"11","all.wav","all_QUD",8.23926666666667,78,"age2_all"
"[3065, 'Yes']","trial_2",7,"8","eight.wav","all_QUD",8.23926666666667,79,"age2_all"
"[1170, 'Yes']","trial_2",7,"2","two.wav","all_QUD",8.23926666666667,80,"age2_all"
"[1055, 'No']","trial_2",7,"5","nine.wav","all_QUD",8.23926666666667,81,"age2_all"
"[1159, 'No']","trial_2",7,"13","summa.wav","all_QUD",8.23926666666667,82,"age2_all"
"[919, 'No']","trial_2",7,"0","all.wav","all_QUD",8.23926666666667,83,"age2_all"
"[0, 'jennifer']","bot_check",8,"Jennifer","","any_QUD",13.6845,1,"age2_any"
"[0, 'Four']","audio_check",8,"","","any_QUD",13.6845,3,"age2_any"
"[0, 'Jam']","comprehension_check_1",8,"","","any_QUD",13.6845,4,"age2_any"
"[3113, 'No']","practice_trial",8,"13","none.wav","any_QUD",13.6845,6,"age2_any"
"[2512, 'Yes']","practice_trial",8,"13","all.wav","any_QUD",13.6845,7,"age2_any"
"[2689, 'Yes']","practice_trial",8,"0","all.wav","any_QUD",13.6845,8,"age2_any"
"[2088, 'No']","practice_trial",8,"0","none.wav","any_QUD",13.6845,9,"age2_any"
"[1861, 'Yes']","trial_1",8,"5","all.wav","any_QUD",13.6845,11,"age2_any"
"[2338, 'No']","trial_1",8,"0","five.wav","any_QUD",13.6845,12,"age2_any"
"[3677, 'No']","trial_1",8,"5","four.wav","any_QUD",13.6845,13,"age2_any"
"[3903, 'Yes']","trial_1",8,"2","two.wav","any_QUD",13.6845,14,"age2_any"
"[6050, 'No']","trial_1",8,"11","thirteen.wav","any_QUD",13.6845,15,"age2_any"
"[10498, 'No']","trial_1",8,"8","none.wav","any_QUD",13.6845,16,"age2_any"
"[6973, 'Yes']","trial_1",8,"8","summa.wav","any_QUD",13.6845,17,"age2_any"
"[2226, 'No']","trial_1",8,"2","all.wav","any_QUD",13.6845,18,"age2_any"
"[4308, 'No']","trial_1",8,"13","eight.wav","any_QUD",13.6845,19,"age2_any"
"[4015, 'Yes']","trial_1",8,"8","eight.wav","any_QUD",13.6845,20,"age2_any"
"[2518, 'Yes']","trial_1",8,"0","none.wav","any_QUD",13.6845,21,"age2_any"
"[2798, 'No']","trial_1",8,"13","summa.wav","any_QUD",13.6845,22,"age2_any"
"[22615, 'Yes']","trial_1",8,"13","summa.wav","any_QUD",13.6845,23,"age2_any"
"[2004, 'Yes']","trial_1",8,"13","all.wav","any_QUD",13.6845,24,"age2_any"
"[7769, 'No']","trial_1",8,"8","eleven.wav","any_QUD",13.6845,25,"age2_any"
"[2409, 'No']","trial_1",8,"0","summa.wav","any_QUD",13.6845,26,"age2_any"
"[2384, 'Yes']","trial_1",8,"13","all.wav","any_QUD",13.6845,27,"age2_any"
"[2601, 'Yes']","trial_1",8,"2","two.wav","any_QUD",13.6845,28,"age2_any"
"[2213, 'No']","trial_1",8,"0","all.wav","any_QUD",13.6845,29,"age2_any"
"[1760, 'Yes']","trial_1",8,"0","none.wav","any_QUD",13.6845,30,"age2_any"
"[1980, 'No']","trial_1",8,"13","summa.wav","any_QUD",13.6845,31,"age2_any"
"[1902, 'Yes']","trial_1",8,"0","summa.wav","any_QUD",13.6845,32,"age2_any"
"[2105, 'Yes']","trial_1",8,"2","two.wav","any_QUD",13.6845,33,"age2_any"
"[1017, 'Yes']","trial_1",8,"13","all.wav","any_QUD",13.6845,34,"age2_any"
"[1982, 'No']","trial_1",8,"0","eleven.wav","any_QUD",13.6845,35,"age2_any"
"[1940, 'No']","trial_1",8,"13","summa.wav","any_QUD",13.6845,36,"age2_any"
"[1853, 'Yes']","trial_1",8,"5","summa.wav","any_QUD",13.6845,37,"age2_any"
"[3108, 'Yes']","trial_1",8,"5","five.wav","any_QUD",13.6845,38,"age2_any"
"[1638, 'Yes']","trial_1",8,"13","all.wav","any_QUD",13.6845,39,"age2_any"
"[1769, 'Yes']","trial_1",8,"11","seven.wav","any_QUD",13.6845,40,"age2_any"
"[5251, 'Yes']","trial_1",8,"8","eight.wav","any_QUD",13.6845,41,"age2_any"
"[4109, 'Yes']","trial_1",8,"2","two.wav","any_QUD",13.6845,42,"age2_any"
"[3853, 'No']","trial_1",8,"11","none.wav","any_QUD",13.6845,43,"age2_any"
"[8391, 'Yes']","trial_1",8,"11","eleven.wav","any_QUD",13.6845,44,"age2_any"
"[3853, 'No']","trial_1",8,"11","all.wav","any_QUD",13.6845,45,"age2_any"
"[2996, 'No']","trial_1",8,"5","ten.wav","any_QUD",13.6845,46,"age2_any"
"[0, 'Jam']","comprehension_check_2",8,"","","any_QUD",13.6845,47,"age2_any"
"[2727, 'Yes']","trial_2",8,"2","two.wav","any_QUD",13.6845,48,"age2_any"
"[2194, 'No']","trial_2",8,"11","one.wav","any_QUD",13.6845,49,"age2_any"
"[5065, 'No']","trial_2",8,"13","ten.wav","any_QUD",13.6845,50,"age2_any"
"[3952, 'Yes']","trial_2",8,"13","none.wav","any_QUD",13.6845,51,"age2_any"
"[1928, 'No']","trial_2",8,"0","summa.wav","any_QUD",13.6845,52,"age2_any"
"[4069, 'Yes']","trial_2",8,"5","five.wav","any_QUD",13.6845,53,"age2_any"
"[1951, 'Yes']","trial_2",8,"5","two.wav","any_QUD",13.6845,54,"age2_any"
"[2355, 'Yes']","trial_2",8,"13","all.wav","any_QUD",13.6845,55,"age2_any"
"[3951, 'Yes']","trial_2",8,"8","eight.wav","any_QUD",13.6845,56,"age2_any"
"[2691, 'Yes']","trial_2",8,"0","none.wav","any_QUD",13.6845,57,"age2_any"
"[2096, 'No']","trial_2",8,"8","all.wav","any_QUD",13.6845,58,"age2_any"
"[3985, 'No']","trial_2",8,"0","three.wav","any_QUD",13.6845,59,"age2_any"
"[3228, 'Yes']","trial_2",8,"2","summa.wav","any_QUD",13.6845,60,"age2_any"
"[1679, 'No']","trial_2",8,"13","summa.wav","any_QUD",13.6845,61,"age2_any"
"[2900, 'No']","trial_2",8,"5","all.wav","any_QUD",13.6845,62,"age2_any"
"[12297, 'No']","trial_2",8,"8","eight.wav","any_QUD",13.6845,63,"age2_any"
"[2139, 'No']","trial_2",8,"13","summa.wav","any_QUD",13.6845,64,"age2_any"
"[2954, 'Yes']","trial_2",8,"13","all.wav","any_QUD",13.6845,65,"age2_any"
"[3174, 'Yes']","trial_2",8,"0","none.wav","any_QUD",13.6845,66,"age2_any"
"[3800, 'Yes']","trial_2",8,"11","summa.wav","any_QUD",13.6845,67,"age2_any"
"[4160, 'Yes']","trial_2",8,"8","eight.wav","any_QUD",13.6845,68,"age2_any"
"[2882, 'No']","trial_2",8,"13","five.wav","any_QUD",13.6845,69,"age2_any"
"[6363, 'No']","trial_2",8,"2","none.wav","any_QUD",13.6845,70,"age2_any"
"[2084, 'Yes']","trial_2",8,"13","all.wav","any_QUD",13.6845,71,"age2_any"
"[2698, 'No']","trial_2",8,"5","nine.wav","any_QUD",13.6845,72,"age2_any"
"[2110, 'No']","trial_2",8,"13","summa.wav","any_QUD",13.6845,73,"age2_any"
"[3517, 'No']","trial_2",8,"13","summa.wav","any_QUD",13.6845,74,"age2_any"
"[3587, 'Yes']","trial_2",8,"11","all.wav","any_QUD",13.6845,75,"age2_any"
"[6675, 'Yes']","trial_2",8,"11","eleven.wav","any_QUD",13.6845,76,"age2_any"
"[2292, 'Yes']","trial_2",8,"2","twelve.wav","any_QUD",13.6845,77,"age2_any"
"[1954, 'Yes']","trial_2",8,"8","two.wav","any_QUD",13.6845,78,"age2_any"
"[8141, 'Yes']","trial_2",8,"0","all.wav","any_QUD",13.6845,79,"age2_any"
"[2913, 'No']","trial_2",8,"13","all.wav","any_QUD",13.6845,80,"age2_any"
"[3579, 'Yes']","trial_2",8,"5","five.wav","any_QUD",13.6845,81,"age2_any"
"[2470, 'Yes']","trial_2",8,"2","two.wav","any_QUD",13.6845,82,"age2_any"
"[2879, 'Yes']","trial_2",8,"0","summa.wav","any_QUD",13.6845,83,"age2_any"
"[0, 'Jessica']","bot_check",9,"Jessica","","any_QUD",16.04895,1,"age2_any"
"[0, 'Four']","audio_check",9,"","","any_QUD",16.04895,3,"age2_any"
"[0, 'Jam']","comprehension_check_1",9,"","","any_QUD",16.04895,4,"age2_any"
"[6065, 'Yes']","practice_trial",9,"13","none.wav","any_QUD",16.04895,6,"age2_any"
"[3264, 'No']","practice_trial",9,"13","all.wav","any_QUD",16.04895,7,"age2_any"
"[3865, 'Yes']","practice_trial",9,"0","all.wav","any_QUD",16.04895,8,"age2_any"
"[7418, 'Yes']","practice_trial",9,"0","none.wav","any_QUD",16.04895,9,"age2_any"
"[3105, 'Yes']","trial_1",9,"0","none.wav","any_QUD",16.04895,11,"age2_any"
"[1770, 'No']","trial_1",9,"8","none.wav","any_QUD",16.04895,12,"age2_any"
"[3532, 'No']","trial_1",9,"5","four.wav","any_QUD",16.04895,13,"age2_any"
"[9062, 'No']","trial_1",9,"2","two.wav","any_QUD",16.04895,14,"age2_any"
"[2907, 'No']","trial_1",9,"8","eight.wav","any_QUD",16.04895,15,"age2_any"
"[2452, 'No']","trial_1",9,"2","two.wav","any_QUD",16.04895,16,"age2_any"
"[5301, 'Yes']","trial_1",9,"13","summa.wav","any_QUD",16.04895,17,"age2_any"
"[3382, 'No']","trial_1",9,"13","all.wav","any_QUD",16.04895,18,"age2_any"
"[3078, 'Yes']","trial_1",9,"13","summa.wav","any_QUD",16.04895,19,"age2_any"
"[10529, 'Yes']","trial_1",9,"11","thirteen.wav","any_QUD",16.04895,20,"age2_any"
"[3632, 'Yes']","trial_1",9,"0","summa.wav","any_QUD",16.04895,21,"age2_any"
"[4105, 'No']","trial_1",9,"13","eight.wav","any_QUD",16.04895,22,"age2_any"
"[1750, 'No']","trial_1",9,"13","all.wav","any_QUD",16.04895,23,"age2_any"
"[2419, 'Yes']","trial_1",9,"0","five.wav","any_QUD",16.04895,24,"age2_any"
"[4776, 'Yes']","trial_1",9,"5","all.wav","any_QUD",16.04895,25,"age2_any"
"[9186, 'Yes']","trial_1",9,"8","eleven.wav","any_QUD",16.04895,26,"age2_any"
"[4240, 'Yes']","trial_1",9,"2","all.wav","any_QUD",16.04895,27,"age2_any"
"[3626, 'No']","trial_1",9,"8","summa.wav","any_QUD",16.04895,28,"age2_any"
"[2473, 'Yes']","trial_1",9,"13","all.wav","any_QUD",16.04895,29,"age2_any"
"[2860, 'Yes']","trial_1",9,"5","five.wav","any_QUD",16.04895,30,"age2_any"
"[2462, 'No']","trial_1",9,"13","summa.wav","any_QUD",16.04895,31,"age2_any"
"[4867, 'No']","trial_1",9,"0","all.wav","any_QUD",16.04895,32,"age2_any"
"[1871, 'No']","trial_1",9,"13","all.wav","any_QUD",16.04895,33,"age2_any"
"[1902, 'No']","trial_1",9,"2","two.wav","any_QUD",16.04895,34,"age2_any"
"[13437, 'No']","trial_1",9,"11","eleven.wav","any_QUD",16.04895,35,"age2_any"
"[5421, 'Yes']","trial_1",9,"8","eight.wav","any_QUD",16.04895,36,"age2_any"
"[4374, 'No']","trial_1",9,"5","ten.wav","any_QUD",16.04895,37,"age2_any"
"[3444, 'No']","trial_1",9,"11","none.wav","any_QUD",16.04895,38,"age2_any"
"[1632, 'Yes']","trial_1",9,"2","two.wav","any_QUD",16.04895,39,"age2_any"
"[1953, 'No']","trial_1",9,"11","all.wav","any_QUD",16.04895,40,"age2_any"
"[1918, 'No']","trial_1",9,"13","summa.wav","any_QUD",16.04895,41,"age2_any"
"[1493, 'No']","trial_1",9,"0","summa.wav","any_QUD",16.04895,42,"age2_any"
"[4127, 'Yes']","trial_1",9,"5","summa.wav","any_QUD",16.04895,43,"age2_any"
"[2677, 'Yes']","trial_1",9,"0","none.wav","any_QUD",16.04895,44,"age2_any"
"[3074, 'No']","trial_1",9,"0","eleven.wav","any_QUD",16.04895,45,"age2_any"
"[3230, 'No']","trial_1",9,"11","seven.wav","any_QUD",16.04895,46,"age2_any"
"[0, 'Jam']","comprehension_check_2",9,"","","any_QUD",16.04895,47,"age2_any"
"[1833, 'Yes']","trial_2",9,"5","five.wav","any_QUD",16.04895,48,"age2_any"
"[3480, 'Yes']","trial_2",9,"8","eight.wav","any_QUD",16.04895,49,"age2_any"
"[3473, 'No']","trial_2",9,"11","one.wav","any_QUD",16.04895,50,"age2_any"
"[1883, 'No']","trial_2",9,"13","summa.wav","any_QUD",16.04895,51,"age2_any"
"[1748, 'No']","trial_2",9,"13","none.wav","any_QUD",16.04895,52,"age2_any"
"[1451, 'No']","trial_2",9,"5","two.wav","any_QUD",16.04895,53,"age2_any"
"[1813, 'Yes']","trial_2",9,"13","all.wav","any_QUD",16.04895,54,"age2_any"
"[4173, 'No']","trial_2",9,"13","ten.wav","any_QUD",16.04895,55,"age2_any"
"[3045, 'Yes']","trial_2",9,"8","eight.wav","any_QUD",16.04895,56,"age2_any"
"[1758, 'No']","trial_2",9,"13","summa.wav","any_QUD",16.04895,57,"age2_any"
"[3278, 'Yes']","trial_2",9,"13","all.wav","any_QUD",16.04895,58,"age2_any"
"[2157, 'No']","trial_2",9,"0","three.wav","any_QUD",16.04895,59,"age2_any"
"[3611, 'Yes']","trial_2",9,"2","summa.wav","any_QUD",16.04895,60,"age2_any"
"[2552, 'Yes']","trial_2",9,"0","none.wav","any_QUD",16.04895,61,"age2_any"
"[1824, 'No']","trial_2",9,"8","all.wav","any_QUD",16.04895,62,"age2_any"
"[4001, 'Yes']","trial_2",9,"2","two.wav","any_QUD",16.04895,63,"age2_any"
"[1982, 'No']","trial_2",9,"0","summa.wav","any_QUD",16.04895,64,"age2_any"
"[1545, 'No']","trial_2",9,"5","all.wav","any_QUD",16.04895,65,"age2_any"
"[3872, 'No']","trial_2",9,"13","summa.wav","any_QUD",16.04895,66,"age2_any"
"[1686, 'No']","trial_2",9,"13","five.wav","any_QUD",16.04895,67,"age2_any"
"[1522, 'No']","trial_2",9,"8","two.wav","any_QUD",16.04895,68,"age2_any"
"[2567, 'Yes']","trial_2",9,"5","five.wav","any_QUD",16.04895,69,"age2_any"
"[1697, 'No']","trial_2",9,"2","twelve.wav","any_QUD",16.04895,70,"age2_any"
"[3148, 'No']","trial_2",9,"0","all.wav","any_QUD",16.04895,71,"age2_any"
"[6287, 'Yes']","trial_2",9,"11","eleven.wav","any_QUD",16.04895,72,"age2_any"
"[12573, 'Yes']","trial_2",9,"2","two.wav","any_QUD",16.04895,73,"age2_any"
"[1689, 'No']","trial_2",9,"5","nine.wav","any_QUD",16.04895,74,"age2_any"
"[1302, 'Yes']","trial_2",9,"13","all.wav","any_QUD",16.04895,75,"age2_any"
"[1369, 'No']","trial_2",9,"13","summa.wav","any_QUD",16.04895,76,"age2_any"
"[1606, 'No']","trial_2",9,"11","all.wav","any_QUD",16.04895,77,"age2_any"
"[2737, 'Yes']","trial_2",9,"11","summa.wav","any_QUD",16.04895,78,"age2_any"
"[1610, 'No']","trial_2",9,"0","summa.wav","any_QUD",16.04895,79,"age2_any"
"[1303, 'Yes']","trial_2",9,"13","all.wav","any_QUD",16.04895,80,"age2_any"
"[3268, 'Yes']","trial_2",9,"0","none.wav","any_QUD",16.04895,81,"age2_any"
"[3438, 'No']","trial_2",9,"8","eight.wav","any_QUD",16.04895,82,"age2_any"
"[2657, 'No']","trial_2",9,"2","none.wav","any_QUD",16.04895,83,"age2_any"
"[0, 'Sarah']","bot_check",10,"Sarah","","no_QUD",7.88486666666667,1,"age2_no"
"[0, 'Four']","audio_check",10,"","","no_QUD",7.88486666666667,3,"age2_no"
"[2062, 'No']","practice_trial",10,"13","none.wav","no_QUD",7.88486666666667,6,"age2_no"
"[1932, 'Yes']","practice_trial",10,"13","all.wav","no_QUD",7.88486666666667,7,"age2_no"
"[2079, 'Yes']","practice_trial",10,"0","all.wav","no_QUD",7.88486666666667,8,"age2_no"
"[3097, 'No']","practice_trial",10,"0","none.wav","no_QUD",7.88486666666667,9,"age2_no"
"[1962, 'No']","trial_1",10,"0","none.wav","no_QUD",7.88486666666667,11,"age2_no"
"[2255, 'Yes']","trial_1",10,"2","two.wav","no_QUD",7.88486666666667,12,"age2_no"
"[2064, 'Yes']","trial_1",10,"8","summa.wav","no_QUD",7.88486666666667,13,"age2_no"
"[2155, 'Yes']","trial_1",10,"2","two.wav","no_QUD",7.88486666666667,14,"age2_no"
"[4720, 'No']","trial_1",10,"11","thirteen.wav","no_QUD",7.88486666666667,15,"age2_no"
"[2852, 'No']","trial_1",10,"13","summa.wav","no_QUD",7.88486666666667,16,"age2_no"
"[2477, 'No']","trial_1",10,"13","eight.wav","no_QUD",7.88486666666667,17,"age2_no"
"[1896, 'No']","trial_1",10,"5","all.wav","no_QUD",7.88486666666667,18,"age2_no"
"[1920, 'No']","trial_1",10,"0","five.wav","no_QUD",7.88486666666667,19,"age2_no"
"[1939, 'No']","trial_1",10,"8","none.wav","no_QUD",7.88486666666667,20,"age2_no"
"[2959, 'Yes']","trial_1",10,"8","eight.wav","no_QUD",7.88486666666667,21,"age2_no"
"[2355, 'No']","trial_1",10,"13","summa.wav","no_QUD",7.88486666666667,22,"age2_no"
"[1706, 'Yes']","trial_1",10,"13","all.wav","no_QUD",7.88486666666667,23,"age2_no"
"[2070, 'No']","trial_1",10,"8","eleven.wav","no_QUD",7.88486666666667,24,"age2_no"
"[2181, 'No']","trial_1",10,"0","summa.wav","no_QUD",7.88486666666667,25,"age2_no"
"[1532, 'Yes']","trial_1",10,"13","all.wav","no_QUD",7.88486666666667,26,"age2_no"
"[2043, 'No']","trial_1",10,"5","four.wav","no_QUD",7.88486666666667,27,"age2_no"
"[1938, 'No']","trial_1",10,"2","all.wav","no_QUD",7.88486666666667,28,"age2_no"
"[1925, 'Yes']","trial_1",10,"5","five.wav","no_QUD",7.88486666666667,29,"age2_no"
"[2004, 'No']","trial_1",10,"11","seven.wav","no_QUD",7.88486666666667,30,"age2_no"
"[1810, 'Yes']","trial_1",10,"13","all.wav","no_QUD",7.88486666666667,31,"age2_no"
"[1856, 'No']","trial_1",10,"13","summa.wav","no_QUD",7.88486666666667,32,"age2_no"
"[1988, 'Yes']","trial_1",10,"5","summa.wav","no_QUD",7.88486666666667,33,"age2_no"
"[5540, 'Yes']","trial_1",10,"11","eleven.wav","no_QUD",7.88486666666667,34,"age2_no"
"[1950, 'No']","trial_1",10,"0","all.wav","no_QUD",7.88486666666667,35,"age2_no"
"[1941, 'No']","trial_1",10,"11","none.wav","no_QUD",7.88486666666667,36,"age2_no"
"[1774, 'No']","trial_1",10,"11","all.wav","no_QUD",7.88486666666667,37,"age2_no"
"[1774, 'Yes']","trial_1",10,"0","none.wav","no_QUD",7.88486666666667,38,"age2_no"
"[1473, 'No']","trial_1",10,"0","eleven.wav","no_QUD",7.88486666666667,39,"age2_no"
"[1253, 'Yes']","trial_1",10,"13","all.wav","no_QUD",7.88486666666667,40,"age2_no"
"[1375, 'No']","trial_1",10,"13","summa.wav","no_QUD",7.88486666666667,41,"age2_no"
"[2586, 'Yes']","trial_1",10,"8","eight.wav","no_QUD",7.88486666666667,42,"age2_no"
"[1370, 'Yes']","trial_1",10,"2","two.wav","no_QUD",7.88486666666667,43,"age2_no"
"[1272, 'Yes']","trial_1",10,"2","two.wav","no_QUD",7.88486666666667,44,"age2_no"
"[1136, 'No']","trial_1",10,"0","summa.wav","no_QUD",7.88486666666667,45,"age2_no"
"[1297, 'No']","trial_1",10,"5","ten.wav","no_QUD",7.88486666666667,46,"age2_no"
"[1212, 'Yes']","trial_2",10,"0","none.wav","no_QUD",7.88486666666667,47,"age2_no"
"[1265, 'Yes']","trial_2",10,"2","two.wav","no_QUD",7.88486666666667,48,"age2_no"
"[1214, 'No']","trial_2",10,"13","summa.wav","no_QUD",7.88486666666667,49,"age2_no"
"[1256, 'No']","trial_2",10,"5","all.wav","no_QUD",7.88486666666667,50,"age2_no"
"[1239, 'No']","trial_2",10,"2","summa.wav","no_QUD",7.88486666666667,51,"age2_no"
"[1423, 'No']","trial_2",10,"5","two.wav","no_QUD",7.88486666666667,52,"age2_no"
"[1356, 'No']","trial_2",10,"8","all.wav","no_QUD",7.88486666666667,53,"age2_no"
"[2524, 'Yes']","trial_2",10,"8","eight.wav","no_QUD",7.88486666666667,54,"age2_no"
"[1181, 'Yes']","trial_2",10,"5","five.wav","no_QUD",7.88486666666667,55,"age2_no"
"[1236, 'Yes']","trial_2",10,"13","all.wav","no_QUD",7.88486666666667,56,"age2_no"
"[1446, 'No']","trial_2",10,"0","three.wav","no_QUD",7.88486666666667,57,"age2_no"
"[1500, 'No']","trial_2",10,"0","summa.wav","no_QUD",7.88486666666667,58,"age2_no"
"[2611, 'Yes']","trial_2",10,"8","eight.wav","no_QUD",7.88486666666667,59,"age2_no"
"[2144, 'No']","trial_2",10,"13","ten.wav","no_QUD",7.88486666666667,60,"age2_no"
"[1199, 'Yes']","trial_2",10,"13","all.wav","no_QUD",7.88486666666667,61,"age2_no"
"[1321, 'No']","trial_2",10,"13","none.wav","no_QUD",7.88486666666667,62,"age2_no"
"[2099, 'No']","trial_2",10,"13","summa.wav","no_QUD",7.88486666666667,63,"age2_no"
"[1565, 'No']","trial_2",10,"11","one.wav","no_QUD",7.88486666666667,64,"age2_no"
"[1110, 'No']","trial_2",10,"2","none.wav","no_QUD",7.88486666666667,65,"age2_no"
"[1122, 'Yes']","trial_2",10,"0","none.wav","no_QUD",7.88486666666667,66,"age2_no"
"[1337, 'Yes']","trial_2",10,"2","two.wav","no_QUD",7.88486666666667,67,"age2_no"
"[1430, 'Yes']","trial_2",10,"8","eight.wav","no_QUD",7.88486666666667,68,"age2_no"
"[1950, 'Yes']","trial_2",10,"11","summa.wav","no_QUD",7.88486666666667,69,"age2_no"
"[4973, 'Yes']","trial_2",10,"11","eleven.wav","no_QUD",7.88486666666667,70,"age2_no"
"[1543, 'No']","trial_2",10,"13","summa.wav","no_QUD",7.88486666666667,71,"age2_no"
"[1463, 'No']","trial_2",10,"11","all.wav","no_QUD",7.88486666666667,72,"age2_no"
"[1269, 'Yes']","trial_2",10,"13","all.wav","no_QUD",7.88486666666667,73,"age2_no"
"[1174, 'Yes']","trial_2",10,"5","five.wav","no_QUD",7.88486666666667,74,"age2_no"
"[1549, 'No']","trial_2",10,"8","two.wav","no_QUD",7.88486666666667,75,"age2_no"
"[1279, 'No']","trial_2",10,"0","all.wav","no_QUD",7.88486666666667,76,"age2_no"
"[1265, 'No']","trial_2",10,"13","five.wav","no_QUD",7.88486666666667,77,"age2_no"
"[1057, 'Yes']","trial_2",10,"13","all.wav","no_QUD",7.88486666666667,78,"age2_no"
"[1389, 'No']","trial_2",10,"0","summa.wav","no_QUD",7.88486666666667,79,"age2_no"
"[1255, 'No']","trial_2",10,"13","summa.wav","no_QUD",7.88486666666667,80,"age2_no"
"[1390, 'No']","trial_2",10,"2","twelve.wav","no_QUD",7.88486666666667,81,"age2_no"
"[1277, 'No']","trial_2",10,"5","nine.wav","no_QUD",7.88486666666667,82,"age2_no"
"[0, 'Sarah']","bot_check",11,"Sarah","","no_QUD",15.1566166666667,1,"age2_no"
"[0, 'Four']","audio_check",11,"","","no_QUD",15.1566166666667,3,"age2_no"
"[2622, 'No']","practice_trial",11,"13","none.wav","no_QUD",15.1566166666667,6,"age2_no"
"[2194, 'Yes']","practice_trial",11,"13","all.wav","no_QUD",15.1566166666667,7,"age2_no"
"[2099, 'No']","practice_trial",11,"0","all.wav","no_QUD",15.1566166666667,8,"age2_no"
"[2256, 'Yes']","practice_trial",11,"0","none.wav","no_QUD",15.1566166666667,9,"age2_no"
"[2145, 'Yes']","trial_1",11,"13","all.wav","no_QUD",15.1566166666667,11,"age2_no"
"[2281, 'Yes']","trial_1",11,"2","two.wav","no_QUD",15.1566166666667,12,"age2_no"
"[2274, 'Yes']","trial_1",11,"13","all.wav","no_QUD",15.1566166666667,13,"age2_no"
"[2161, 'No']","trial_1",11,"13","summa.wav","no_QUD",15.1566166666667,14,"age2_no"
"[2188, 'No']","trial_1",11,"0","five.wav","no_QUD",15.1566166666667,15,"age2_no"
"[2146, 'Yes']","trial_1",11,"2","two.wav","no_QUD",15.1566166666667,16,"age2_no"
"[2037, 'No']","trial_1",11,"8","none.wav","no_QUD",15.1566166666667,17,"age2_no"
"[2212, 'Yes']","trial_1",11,"0","none.wav","no_QUD",15.1566166666667,18,"age2_no"
"[5612, 'No']","trial_1",11,"11","thirteen.wav","no_QUD",15.1566166666667,19,"age2_no"
"[2355, 'No']","trial_1",11,"8","eleven.wav","no_QUD",15.1566166666667,20,"age2_no"
"[3613, 'No']","trial_1",11,"13","summa.wav","no_QUD",15.1566166666667,21,"age2_no"
"[1994, 'Yes']","trial_1",11,"8","eight.wav","no_QUD",15.1566166666667,22,"age2_no"
"[2062, 'No']","trial_1",11,"5","four.wav","no_QUD",15.1566166666667,23,"age2_no"
"[1983, 'No']","trial_1",11,"5","all.wav","no_QUD",15.1566166666667,24,"age2_no"
"[3755, 'No']","trial_1",11,"13","eight.wav","no_QUD",15.1566166666667,25,"age2_no"
"[2448, 'Yes']","trial_1",11,"8","summa.wav","no_QUD",15.1566166666667,26,"age2_no"
"[2239, 'No']","trial_1",11,"0","summa.wav","no_QUD",15.1566166666667,27,"age2_no"
"[2011, 'No']","trial_1",11,"2","all.wav","no_QUD",15.1566166666667,28,"age2_no"
"[1828, 'Yes']","trial_1",11,"13","all.wav","no_QUD",15.1566166666667,29,"age2_no"
"[1988, 'No']","trial_1",11,"11","all.wav","no_QUD",15.1566166666667,30,"age2_no"
"[2024, 'Yes']","trial_1",11,"5","five.wav","no_QUD",15.1566166666667,31,"age2_no"
"[4399, 'Yes']","trial_1",11,"11","eleven.wav","no_QUD",15.1566166666667,32,"age2_no"
"[2096, 'No']","trial_1",11,"11","none.wav","no_QUD",15.1566166666667,33,"age2_no"
"[2246, 'No']","trial_1",11,"0","summa.wav","no_QUD",15.1566166666667,34,"age2_no"
"[1986, 'Yes']","trial_1",11,"13","all.wav","no_QUD",15.1566166666667,35,"age2_no"
"[2217, 'Yes']","trial_1",11,"8","eight.wav","no_QUD",15.1566166666667,36,"age2_no"
"[1898, 'Yes']","trial_1",11,"2","two.wav","no_QUD",15.1566166666667,37,"age2_no"
"[2766, 'Yes']","trial_1",11,"5","summa.wav","no_QUD",15.1566166666667,38,"age2_no"
"[1767, 'Yes']","trial_1",11,"2","two.wav","no_QUD",15.1566166666667,39,"age2_no"
"[3996, 'No']","trial_1",11,"13","summa.wav","no_QUD",15.1566166666667,40,"age2_no"
"[2318, 'No']","trial_1",11,"5","ten.wav","no_QUD",15.1566166666667,41,"age2_no"
"[2358, 'No']","trial_1",11,"0","all.wav","no_QUD",15.1566166666667,42,"age2_no"
"[2199, 'Yes']","trial_1",11,"0","none.wav","no_QUD",15.1566166666667,43,"age2_no"
"[3530, 'No']","trial_1",11,"11","seven.wav","no_QUD",15.1566166666667,44,"age2_no"
"[2288, 'No']","trial_1",11,"13","summa.wav","no_QUD",15.1566166666667,45,"age2_no"
"[2602, 'No']","trial_1",11,"0","eleven.wav","no_QUD",15.1566166666667,46,"age2_no"
"[1887, 'Yes']","trial_2",11,"8","eight.wav","no_QUD",15.1566166666667,47,"age2_no"
"[2413, 'No']","trial_2",11,"13","summa.wav","no_QUD",15.1566166666667,48,"age2_no"
"[2299, 'Yes']","trial_2",11,"0","none.wav","no_QUD",15.1566166666667,49,"age2_no"
"[2124, 'Yes']","trial_2",11,"13","all.wav","no_QUD",15.1566166666667,50,"age2_no"
"[2388, 'No']","trial_2",11,"13","none.wav","no_QUD",15.1566166666667,51,"age2_no"
"[4321, 'No']","trial_2",11,"13","ten.wav","no_QUD",15.1566166666667,52,"age2_no"
"[2449, 'Yes']","trial_2",11,"5","five.wav","no_QUD",15.1566166666667,53,"age2_no"
"[2215, 'No']","trial_2",11,"5","two.wav","no_QUD",15.1566166666667,54,"age2_no"
"[2864, 'No']","trial_2",11,"13","summa.wav","no_QUD",15.1566166666667,55,"age2_no"
"[2239, 'Yes']","trial_2",11,"2","two.wav","no_QUD",15.1566166666667,56,"age2_no"
"[2038, 'No']","trial_2",11,"8","all.wav","no_QUD",15.1566166666667,57,"age2_no"
"[2234, 'No']","trial_2",11,"5","all.wav","no_QUD",15.1566166666667,58,"age2_no"
"[2644, 'Yes']","trial_2",11,"2","summa.wav","no_QUD",15.1566166666667,59,"age2_no"
"[2382, 'Yes']","trial_2",11,"13","all.wav","no_QUD",15.1566166666667,60,"age2_no"
"[2412, 'Yes']","trial_2",11,"8","eight.wav","no_QUD",15.1566166666667,61,"age2_no"
"[2169, 'No']","trial_2",11,"0","summa.wav","no_QUD",15.1566166666667,62,"age2_no"
"[2210, 'No']","trial_2",11,"0","three.wav","no_QUD",15.1566166666667,63,"age2_no"
"[2141, 'No']","trial_2",11,"11","one.wav","no_QUD",15.1566166666667,64,"age2_no"
"[2224, 'Yes']","trial_2",11,"13","all.wav","no_QUD",15.1566166666667,65,"age2_no"
"[2153, 'Yes']","trial_2",11,"2","two.wav","no_QUD",15.1566166666667,66,"age2_no"
"[2116, 'No']","trial_2",11,"2","none.wav","no_QUD",15.1566166666667,67,"age2_no"
"[4006, 'Yes']","trial_2",11,"8","eight.wav","no_QUD",15.1566166666667,68,"age2_no"
"[2261, 'No']","trial_2",11,"13","five.wav","no_QUD",15.1566166666667,69,"age2_no"
"[2103, 'No']","trial_2",11,"8","two.wav","no_QUD",15.1566166666667,70,"age2_no"
"[3017, 'Yes']","trial_2",11,"11","summa.wav","no_QUD",15.1566166666667,71,"age2_no"
"[3040, 'No']","trial_2",11,"5","nine.wav","no_QUD",15.1566166666667,72,"age2_no"
"[2268, 'Yes']","trial_2",11,"5","five.wav","no_QUD",15.1566166666667,73,"age2_no"
"[2363, 'Yes']","trial_2",11,"13","all.wav","no_QUD",15.1566166666667,74,"age2_no"
"[2267, 'No']","trial_2",11,"0","all.wav","no_QUD",15.1566166666667,75,"age2_no"
"[4579, 'Yes']","trial_2",11,"11","eleven.wav","no_QUD",15.1566166666667,76,"age2_no"
"[2403, 'No']","trial_2",11,"2","twelve.wav","no_QUD",15.1566166666667,77,"age2_no"
"[2559, 'No']","trial_2",11,"13","summa.wav","no_QUD",15.1566166666667,78,"age2_no"
"[2114, 'No']","trial_2",11,"0","summa.wav","no_QUD",15.1566166666667,79,"age2_no"
"[2527, 'No']","trial_2",11,"11","all.wav","no_QUD",15.1566166666667,80,"age2_no"
"[3007, 'No']","trial_2",11,"13","summa.wav","no_QUD",15.1566166666667,81,"age2_no"
"[2432, 'Yes']","trial_2",11,"0","none.wav","no_QUD",15.1566166666667,82,"age2_no"
