"slide_type","response","Answer.condition","Answer.time_in_minutes","workerid","audio","slide_number","image","speaker_cond"
"bot_check","[0, 'Jennifer']","all_QUD",9.6172,0,"",1,"Jennifer","all"
"audio_check","[0, 'Four']","all_QUD",9.6172,0,"",3,"","all"
"comprehension_check_1","[0, 'Empty']","all_QUD",9.6172,0,"",4,"","all"
"practice_trial","[6195, 'No']","all_QUD",9.6172,0,"none.wav",6,"13","all"
"practice_trial","[2180, 'Yes']","all_QUD",9.6172,0,"all.wav",7,"13","all"
"practice_trial","[1941, 'No']","all_QUD",9.6172,0,"all.wav",8,"0","all"
"practice_trial","[2833, 'Yes']","all_QUD",9.6172,0,"none.wav",9,"0","all"
"trial_1","[6575, 'Yes']","all_QUD",9.6172,0,"none.wav",11,"8","all"
"trial_1","[4582, 'Yes']","all_QUD",9.6172,0,"some.wav",12,"13","all"
"trial_1","[1768, 'Yes']","all_QUD",9.6172,0,"two.wav",13,"2","all"
"trial_1","[1709, 'No']","all_QUD",9.6172,0,"all.wav",14,"2","all"
"trial_1","[3184, 'No']","all_QUD",9.6172,0,"four.wav",15,"5","all"
"trial_1","[2291, 'Yes']","all_QUD",9.6172,0,"all.wav",16,"13","all"
"trial_1","[1569, 'Yes']","all_QUD",9.6172,0,"two.wav",17,"2","all"
"trial_1","[2166, 'Yes']","all_QUD",9.6172,0,"none.wav",18,"0","all"
"trial_1","[3101, 'Yes']","all_QUD",9.6172,0,"eight.wav",19,"8","all"
"trial_1","[1604, 'No']","all_QUD",9.6172,0,"five.wav",20,"0","all"
"trial_1","[2047, 'No']","all_QUD",9.6172,0,"eleven.wav",21,"8","all"
"trial_1","[1466, 'No']","all_QUD",9.6172,0,"some.wav",22,"0","all"
"trial_1","[1872, 'No']","all_QUD",9.6172,0,"eight.wav",23,"13","all"
"trial_1","[2792, 'Yes']","all_QUD",9.6172,0,"some.wav",24,"13","all"
"trial_1","[1689, 'Yes']","all_QUD",9.6172,0,"some.wav",25,"8","all"
"trial_1","[1630, 'Yes']","all_QUD",9.6172,0,"all.wav",26,"13","all"
"trial_1","[1925, 'No']","all_QUD",9.6172,0,"thirteen.wav",27,"8","all"
"trial_1","[1750, 'No']","all_QUD",9.6172,0,"all.wav",28,"5","all"
"trial_1","[1498, 'Yes']","all_QUD",9.6172,0,"all.wav",29,"13","all"
"trial_1","[1699, 'No']","all_QUD",9.6172,0,"ten.wav",30,"5","all"
"trial_1","[1236, 'No']","all_QUD",9.6172,0,"some.wav",31,"0","all"
"trial_1","[1524, 'Yes']","all_QUD",9.6172,0,"none.wav",32,"0","all"
"trial_1","[3679, 'No']","all_QUD",9.6172,0,"seven.wav",33,"11","all"
"trial_1","[1733, 'Yes']","all_QUD",9.6172,0,"two.wav",34,"2","all"
"trial_1","[1757, 'Yes']","all_QUD",9.6172,0,"two.wav",35,"2","all"
"trial_1","[2250, 'Yes']","all_QUD",9.6172,0,"eight.wav",36,"8","all"
"trial_1","[4583, 'Yes']","all_QUD",9.6172,0,"eleven.wav",37,"11","all"
"trial_1","[1940, 'Yes']","all_QUD",9.6172,0,"some.wav",38,"13","all"
"trial_1","[1993, 'Yes']","all_QUD",9.6172,0,"none.wav",39,"0","all"
"trial_1","[1505, 'No']","all_QUD",9.6172,0,"eleven.wav",40,"0","all"
"trial_1","[1896, 'Yes']","all_QUD",9.6172,0,"all.wav",41,"13","all"
"trial_1","[1815, 'Yes']","all_QUD",9.6172,0,"five.wav",42,"5","all"
"trial_1","[1540, 'Yes']","all_QUD",9.6172,0,"some.wav",43,"5","all"
"trial_1","[1307, 'Yes']","all_QUD",9.6172,0,"some.wav",44,"13","all"
"trial_1","[1760, 'No']","all_QUD",9.6172,0,"all.wav",45,"0","all"
"trial_1","[1407, 'No']","all_QUD",9.6172,0,"all.wav",46,"11","all"
"comprehension_check_2","[0, 'Empty']","all_QUD",9.6172,0,"",47,"","all"
"trial_2","[1719, 'Yes']","all_QUD",9.6172,0,"some.wav",48,"13","all"
"trial_2","[2032, 'Yes']","all_QUD",9.6172,0,"two.wav",49,"2","all"
"trial_2","[1755, 'Yes']","all_QUD",9.6172,0,"five.wav",50,"5","all"
"trial_2","[1191, 'No']","all_QUD",9.6172,0,"all.wav",51,"8","all"
"trial_2","[1543, 'Yes']","all_QUD",9.6172,0,"eight.wav",52,"8","all"
"trial_2","[2608, 'Yes']","all_QUD",9.6172,0,"eight.wav",53,"8","all"
"trial_2","[1996, 'Yes']","all_QUD",9.6172,0,"some.wav",54,"13","all"
"trial_2","[1435, 'Yes']","all_QUD",9.6172,0,"some.wav",55,"2","all"
"trial_2","[1339, 'No']","all_QUD",9.6172,0,"three.wav",56,"0","all"
"trial_2","[2154, 'No']","all_QUD",9.6172,0,"two.wav",57,"5","all"
"trial_2","[1593, 'No']","all_QUD",9.6172,0,"none.wav",58,"13","all"
"trial_2","[1745, 'Yes']","all_QUD",9.6172,0,"all.wav",59,"13","all"
"trial_2","[2838, 'No']","all_QUD",9.6172,0,"one.wav",60,"11","all"
"trial_2","[1481, 'No']","all_QUD",9.6172,0,"all.wav",61,"5","all"
"trial_2","[1460, 'Yes']","all_QUD",9.6172,0,"none.wav",62,"0","all"
"trial_2","[1103, 'No']","all_QUD",9.6172,0,"some.wav",63,"0","all"
"trial_2","[899, 'Yes']","all_QUD",9.6172,0,"all.wav",64,"13","all"
"trial_2","[3767, 'No']","all_QUD",9.6172,0,"ten.wav",65,"13","all"
"trial_2","[1173, 'Yes']","all_QUD",9.6172,0,"all.wav",66,"13","all"
"trial_2","[1146, 'No']","all_QUD",9.6172,0,"twelve.wav",67,"2","all"
"trial_2","[1085, 'No']","all_QUD",9.6172,0,"none.wav",68,"2","all"
"trial_2","[1386, 'Yes']","all_QUD",9.6172,0,"none.wav",69,"0","all"
"trial_2","[1604, 'No']","all_QUD",9.6172,0,"two.wav",70,"8","all"
"trial_2","[2295, 'Yes']","all_QUD",9.6172,0,"eight.wav",71,"8","all"
"trial_2","[1064, 'Yes']","all_QUD",9.6172,0,"two.wav",72,"2","all"
"trial_2","[1220, 'No']","all_QUD",9.6172,0,"all.wav",73,"11","all"
"trial_2","[1325, 'Yes']","all_QUD",9.6172,0,"some.wav",74,"11","all"
"trial_2","[3499, 'Yes']","all_QUD",9.6172,0,"eleven.wav",75,"11","all"
"trial_2","[1011, 'No']","all_QUD",9.6172,0,"all.wav",76,"0","all"
"trial_2","[1149, 'No']","all_QUD",9.6172,0,"some.wav",77,"0","all"
"trial_2","[1306, 'Yes']","all_QUD",9.6172,0,"some.wav",78,"13","all"
"trial_2","[1490, 'No']","all_QUD",9.6172,0,"nine.wav",79,"5","all"
"trial_2","[2261, 'No']","all_QUD",9.6172,0,"five.wav",80,"13","all"
"trial_2","[1270, 'Yes']","all_QUD",9.6172,0,"all.wav",81,"13","all"
"trial_2","[1576, 'Yes']","all_QUD",9.6172,0,"some.wav",82,"13","all"
"trial_2","[1015, 'Yes']","all_QUD",9.6172,0,"five.wav",83,"5","all"
"bot_check","[0, 'Linda']","all_QUD",8.93723333333333,1,"",1,"Linda","all"
"audio_check","[0, 'Four']","all_QUD",8.93723333333333,1,"",3,"","all"
"comprehension_check_1","[0, 'Empty']","all_QUD",8.93723333333333,1,"",4,"","all"
"practice_trial","[2148, 'No']","all_QUD",8.93723333333333,1,"none.wav",6,"13","all"
"practice_trial","[1455, 'Yes']","all_QUD",8.93723333333333,1,"all.wav",7,"13","all"
"practice_trial","[3697, 'No']","all_QUD",8.93723333333333,1,"all.wav",8,"0","all"
"practice_trial","[1759, 'Yes']","all_QUD",8.93723333333333,1,"none.wav",9,"0","all"
"trial_1","[3014, 'No']","all_QUD",8.93723333333333,1,"five.wav",11,"0","all"
"trial_1","[1773, 'Yes']","all_QUD",8.93723333333333,1,"all.wav",12,"13","all"
"trial_1","[1880, 'Yes']","all_QUD",8.93723333333333,1,"none.wav",13,"0","all"
"trial_1","[1568, 'Yes']","all_QUD",8.93723333333333,1,"two.wav",14,"2","all"
"trial_1","[2412, 'No']","all_QUD",8.93723333333333,1,"four.wav",15,"5","all"
"trial_1","[5060, 'No']","all_QUD",8.93723333333333,1,"some.wav",16,"13","all"
"trial_1","[1897, 'No']","all_QUD",8.93723333333333,1,"all.wav",17,"2","all"
"trial_1","[1700, 'Yes']","all_QUD",8.93723333333333,1,"two.wav",18,"2","all"
"trial_1","[1794, 'No']","all_QUD",8.93723333333333,1,"some.wav",19,"0","all"
"trial_1","[2289, 'Yes']","all_QUD",8.93723333333333,1,"eight.wav",20,"8","all"
"trial_1","[1961, 'No']","all_QUD",8.93723333333333,1,"none.wav",21,"8","all"
"trial_1","[1576, 'Yes']","all_QUD",8.93723333333333,1,"all.wav",22,"13","all"
"trial_1","[2115, 'No']","all_QUD",8.93723333333333,1,"some.wav",23,"13","all"
"trial_1","[2331, 'No']","all_QUD",8.93723333333333,1,"thirteen.wav",24,"8","all"
"trial_1","[1730, 'Yes']","all_QUD",8.93723333333333,1,"some.wav",25,"8","all"
"trial_1","[1824, 'No']","all_QUD",8.93723333333333,1,"all.wav",26,"5","all"
"trial_1","[2467, 'No']","all_QUD",8.93723333333333,1,"eight.wav",27,"13","all"
"trial_1","[2499, 'No']","all_QUD",8.93723333333333,1,"eleven.wav",28,"8","all"
"trial_1","[1636, 'Yes']","all_QUD",8.93723333333333,1,"all.wav",29,"13","all"
"trial_1","[1515, 'Yes']","all_QUD",8.93723333333333,1,"five.wav",30,"5","all"
"trial_1","[1272, 'No']","all_QUD",8.93723333333333,1,"some.wav",31,"0","all"
"trial_1","[999, 'No']","all_QUD",8.93723333333333,1,"some.wav",32,"13","all"
"trial_1","[1598, 'Yes']","all_QUD",8.93723333333333,1,"none.wav",33,"0","all"
"trial_1","[1210, 'Yes']","all_QUD",8.93723333333333,1,"eight.wav",34,"8","all"
"trial_1","[1170, 'No']","all_QUD",8.93723333333333,1,"eleven.wav",35,"0","all"
"trial_1","[1654, 'No']","all_QUD",8.93723333333333,1,"seven.wav",36,"11","all"
"trial_1","[1072, 'No']","all_QUD",8.93723333333333,1,"ten.wav",37,"5","all"
"trial_1","[4027, 'Yes']","all_QUD",8.93723333333333,1,"eleven.wav",38,"11","all"
"trial_1","[1007, 'No']","all_QUD",8.93723333333333,1,"all.wav",39,"0","all"
"trial_1","[906, 'Yes']","all_QUD",8.93723333333333,1,"two.wav",40,"2","all"
"trial_1","[2641, 'No']","all_QUD",8.93723333333333,1,"some.wav",41,"13","all"
"trial_1","[1265, 'No']","all_QUD",8.93723333333333,1,"all.wav",42,"11","all"
"trial_1","[1431, 'Yes']","all_QUD",8.93723333333333,1,"some.wav",43,"5","all"
"trial_1","[1177, 'Yes']","all_QUD",8.93723333333333,1,"none.wav",44,"0","all"
"trial_1","[806, 'Yes']","all_QUD",8.93723333333333,1,"all.wav",45,"13","all"
"trial_1","[842, 'Yes']","all_QUD",8.93723333333333,1,"two.wav",46,"2","all"
"comprehension_check_2","[0, 'Empty']","all_QUD",8.93723333333333,1,"",47,"","all"
"trial_2","[1701, 'No']","all_QUD",8.93723333333333,1,"some.wav",48,"13","all"
"trial_2","[1779, 'Yes']","all_QUD",8.93723333333333,1,"eight.wav",49,"8","all"
"trial_2","[750, 'Yes']","all_QUD",8.93723333333333,1,"all.wav",50,"13","all"
"trial_2","[950, 'No']","all_QUD",8.93723333333333,1,"some.wav",51,"0","all"
"trial_2","[882, 'Yes']","all_QUD",8.93723333333333,1,"five.wav",52,"5","all"
"trial_2","[928, 'Yes']","all_QUD",8.93723333333333,1,"eight.wav",53,"8","all"
"trial_2","[1057, 'No']","all_QUD",8.93723333333333,1,"none.wav",54,"13","all"
"trial_2","[812, 'Yes']","all_QUD",8.93723333333333,1,"all.wav",55,"13","all"
"trial_2","[984, 'Yes']","all_QUD",8.93723333333333,1,"none.wav",56,"0","all"
"trial_2","[1021, 'No']","all_QUD",8.93723333333333,1,"two.wav",57,"5","all"
"trial_2","[1291, 'Yes']","all_QUD",8.93723333333333,1,"some.wav",58,"2","all"
"trial_2","[1237, 'No']","all_QUD",8.93723333333333,1,"one.wav",59,"11","all"
"trial_2","[1758, 'No']","all_QUD",8.93723333333333,1,"some.wav",60,"13","all"
"trial_2","[1430, 'No']","all_QUD",8.93723333333333,1,"all.wav",61,"5","all"
"trial_2","[1092, 'No']","all_QUD",8.93723333333333,1,"all.wav",62,"8","all"
"trial_2","[910, 'Yes']","all_QUD",8.93723333333333,1,"two.wav",63,"2","all"
"trial_2","[919, 'No']","all_QUD",8.93723333333333,1,"three.wav",64,"0","all"
"trial_2","[3363, 'No']","all_QUD",8.93723333333333,1,"ten.wav",65,"13","all"
"trial_2","[1012, 'No']","all_QUD",8.93723333333333,1,"nine.wav",66,"5","all"
"trial_2","[910, 'No']","all_QUD",8.93723333333333,1,"all.wav",67,"0","all"
"trial_2","[880, 'Yes']","all_QUD",8.93723333333333,1,"eight.wav",68,"8","all"
"trial_2","[2175, 'No']","all_QUD",8.93723333333333,1,"some.wav",69,"13","all"
"trial_2","[1183, 'No']","all_QUD",8.93723333333333,1,"none.wav",70,"2","all"
"trial_2","[946, 'Yes']","all_QUD",8.93723333333333,1,"all.wav",71,"13","all"
"trial_2","[945, 'Yes']","all_QUD",8.93723333333333,1,"all.wav",72,"13","all"
"trial_2","[949, 'Yes']","all_QUD",8.93723333333333,1,"none.wav",73,"0","all"
"trial_2","[933, 'Yes']","all_QUD",8.93723333333333,1,"two.wav",74,"2","all"
"trial_2","[972, 'No']","all_QUD",8.93723333333333,1,"some.wav",75,"13","all"
"trial_2","[1261, 'No']","all_QUD",8.93723333333333,1,"some.wav",76,"0","all"
"trial_2","[1269, 'No']","all_QUD",8.93723333333333,1,"five.wav",77,"13","all"
"trial_2","[1027, 'No']","all_QUD",8.93723333333333,1,"two.wav",78,"8","all"
"trial_2","[4630, 'Yes']","all_QUD",8.93723333333333,1,"eleven.wav",79,"11","all"
"trial_2","[1333, 'No']","all_QUD",8.93723333333333,1,"all.wav",80,"11","all"
"trial_2","[1407, 'Yes']","all_QUD",8.93723333333333,1,"some.wav",81,"11","all"
"trial_2","[1188, 'No']","all_QUD",8.93723333333333,1,"twelve.wav",82,"2","all"
"trial_2","[891, 'Yes']","all_QUD",8.93723333333333,1,"five.wav",83,"5","all"
"bot_check","[0, 'Patricia']","any_QUD",7.82916666666667,2,"",1,"Patricia","any"
"audio_check","[0, 'Four']","any_QUD",7.82916666666667,2,"",3,"","any"
"comprehension_check_1","[0, 'Jam']","any_QUD",7.82916666666667,2,"",4,"","any"
"practice_trial","[1707, 'No']","any_QUD",7.82916666666667,2,"none.wav",6,"13","any"
"practice_trial","[1696, 'Yes']","any_QUD",7.82916666666667,2,"all.wav",7,"13","any"
"practice_trial","[2709, 'No']","any_QUD",7.82916666666667,2,"all.wav",8,"0","any"
"practice_trial","[1657, 'Yes']","any_QUD",7.82916666666667,2,"none.wav",9,"0","any"
"trial_1","[1560, 'No']","any_QUD",7.82916666666667,2,"all.wav",11,"5","any"
"trial_1","[1742, 'No']","any_QUD",7.82916666666667,2,"five.wav",12,"0","any"
"trial_1","[1844, 'No']","any_QUD",7.82916666666667,2,"four.wav",13,"5","any"
"trial_1","[1863, 'No']","any_QUD",7.82916666666667,2,"eight.wav",14,"13","any"
"trial_1","[1650, 'No']","any_QUD",7.82916666666667,2,"thirteen.wav",15,"8","any"
"trial_1","[1215, 'Yes']","any_QUD",7.82916666666667,2,"two.wav",16,"2","any"
"trial_1","[1802, 'No']","any_QUD",7.82916666666667,2,"none.wav",17,"8","any"
"trial_1","[1591, 'No']","any_QUD",7.82916666666667,2,"some.wav",18,"0","any"
"trial_1","[1456, 'Yes']","any_QUD",7.82916666666667,2,"two.wav",19,"2","any"
"trial_1","[1389, 'Yes']","any_QUD",7.82916666666667,2,"all.wav",20,"13","any"
"trial_1","[1312, 'No']","any_QUD",7.82916666666667,2,"eleven.wav",21,"8","any"
"trial_1","[2386, 'Yes']","any_QUD",7.82916666666667,2,"eight.wav",22,"8","any"
"trial_1","[2313, 'Yes']","any_QUD",7.82916666666667,2,"some.wav",23,"13","any"
"trial_1","[1149, 'No']","any_QUD",7.82916666666667,2,"all.wav",24,"2","any"
"trial_1","[1315, 'Yes']","any_QUD",7.82916666666667,2,"some.wav",25,"8","any"
"trial_1","[1076, 'Yes']","any_QUD",7.82916666666667,2,"none.wav",26,"0","any"
"trial_1","[795, 'Yes']","any_QUD",7.82916666666667,2,"all.wav",27,"13","any"
"trial_1","[1474, 'Yes']","any_QUD",7.82916666666667,2,"some.wav",28,"13","any"
"trial_1","[1104, 'Yes']","any_QUD",7.82916666666667,2,"all.wav",29,"13","any"
"trial_1","[1308, 'Yes']","any_QUD",7.82916666666667,2,"none.wav",30,"0","any"
"trial_1","[1239, 'Yes']","any_QUD",7.82916666666667,2,"seven.wav",31,"11","any"
"trial_1","[1168, 'No']","any_QUD",7.82916666666667,2,"some.wav",32,"0","any"
"trial_1","[1101, 'Yes']","any_QUD",7.82916666666667,2,"two.wav",33,"2","any"
"trial_1","[1347, 'Yes']","any_QUD",7.82916666666667,2,"some.wav",34,"13","any"
"trial_1","[1230, 'Yes']","any_QUD",7.82916666666667,2,"two.wav",35,"2","any"
"trial_1","[1425, 'Yes']","any_QUD",7.82916666666667,2,"some.wav",36,"5","any"
"trial_1","[928, 'No']","any_QUD",7.82916666666667,2,"all.wav",37,"0","any"
"trial_1","[1154, 'No']","any_QUD",7.82916666666667,2,"eleven.wav",38,"0","any"
"trial_1","[1112, 'Yes']","any_QUD",7.82916666666667,2,"none.wav",39,"0","any"
"trial_1","[1179, 'Yes']","any_QUD",7.82916666666667,2,"some.wav",40,"13","any"
"trial_1","[1138, 'No']","any_QUD",7.82916666666667,2,"ten.wav",41,"5","any"
"trial_1","[972, 'Yes']","any_QUD",7.82916666666667,2,"five.wav",42,"5","any"
"trial_1","[1294, 'No']","any_QUD",7.82916666666667,2,"all.wav",43,"11","any"
"trial_1","[1924, 'Yes']","any_QUD",7.82916666666667,2,"eight.wav",44,"8","any"
"trial_1","[809, 'Yes']","any_QUD",7.82916666666667,2,"all.wav",45,"13","any"
"trial_1","[3427, 'Yes']","any_QUD",7.82916666666667,2,"eleven.wav",46,"11","any"
"comprehension_check_2","[0, 'Jam']","any_QUD",7.82916666666667,2,"",47,"","any"
"trial_2","[1267, 'No']","any_QUD",7.82916666666667,2,"none.wav",48,"13","any"
"trial_2","[2621, 'Yes']","any_QUD",7.82916666666667,2,"eight.wav",49,"8","any"
"trial_2","[1390, 'No']","any_QUD",7.82916666666667,2,"two.wav",50,"5","any"
"trial_2","[1467, 'Yes']","any_QUD",7.82916666666667,2,"none.wav",51,"0","any"
"trial_2","[1279, 'Yes']","any_QUD",7.82916666666667,2,"all.wav",52,"13","any"
"trial_2","[1210, 'No']","any_QUD",7.82916666666667,2,"three.wav",53,"0","any"
"trial_2","[1614, 'No']","any_QUD",7.82916666666667,2,"ten.wav",54,"13","any"
"trial_2","[1234, 'Yes']","any_QUD",7.82916666666667,2,"some.wav",55,"2","any"
"trial_2","[1376, 'Yes']","any_QUD",7.82916666666667,2,"five.wav",56,"5","any"
"trial_2","[1524, 'Yes']","any_QUD",7.82916666666667,2,"some.wav",57,"13","any"
"trial_2","[1580, 'Yes']","any_QUD",7.82916666666667,2,"eight.wav",58,"8","any"
"trial_2","[1102, 'No']","any_QUD",7.82916666666667,2,"one.wav",59,"11","any"
"trial_2","[1182, 'No']","any_QUD",7.82916666666667,2,"all.wav",60,"8","any"
"trial_2","[1189, 'Yes']","any_QUD",7.82916666666667,2,"two.wav",61,"2","any"
"trial_2","[1222, 'Yes']","any_QUD",7.82916666666667,2,"some.wav",62,"13","any"
"trial_2","[944, 'Yes']","any_QUD",7.82916666666667,2,"all.wav",63,"13","any"
"trial_2","[1090, 'Yes']","any_QUD",7.82916666666667,2,"some.wav",64,"0","any"
"trial_2","[1032, 'No']","any_QUD",7.82916666666667,2,"all.wav",65,"5","any"
"trial_2","[976, 'Yes']","any_QUD",7.82916666666667,2,"all.wav",66,"13","any"
"trial_2","[1124, 'No']","any_QUD",7.82916666666667,2,"twelve.wav",67,"2","any"
"trial_2","[1231, 'Yes']","any_QUD",7.82916666666667,2,"none.wav",68,"0","any"
"trial_2","[1094, 'Yes']","any_QUD",7.82916666666667,2,"five.wav",69,"5","any"
"trial_2","[961, 'Yes']","any_QUD",7.82916666666667,2,"some.wav",70,"11","any"
"trial_2","[1075, 'No']","any_QUD",7.82916666666667,2,"five.wav",71,"13","any"
"trial_2","[1260, 'No']","any_QUD",7.82916666666667,2,"two.wav",72,"8","any"
"trial_2","[1177, 'No']","any_QUD",7.82916666666667,2,"all.wav",73,"11","any"
"trial_2","[1090, 'No']","any_QUD",7.82916666666667,2,"nine.wav",74,"5","any"
"trial_2","[1157, 'No']","any_QUD",7.82916666666667,2,"none.wav",75,"2","any"
"trial_2","[976, 'Yes']","any_QUD",7.82916666666667,2,"two.wav",76,"2","any"
"trial_2","[811, 'Yes']","any_QUD",7.82916666666667,2,"all.wav",77,"13","any"
"trial_2","[1389, 'Yes']","any_QUD",7.82916666666667,2,"some.wav",78,"13","any"
"trial_2","[1269, 'Yes']","any_QUD",7.82916666666667,2,"some.wav",79,"13","any"
"trial_2","[1423, 'No']","any_QUD",7.82916666666667,2,"some.wav",80,"0","any"
"trial_2","[1002, 'No']","any_QUD",7.82916666666667,2,"all.wav",81,"0","any"
"trial_2","[1651, 'Yes']","any_QUD",7.82916666666667,2,"eight.wav",82,"8","any"
"trial_2","[1669, 'Yes']","any_QUD",7.82916666666667,2,"eleven.wav",83,"11","any"
"bot_check","[0, 'Mary']","any_QUD",10.28745,3,"",1,"Mary","any"
"audio_check","[0, 'Four']","any_QUD",10.28745,3,"",3,"","any"
"comprehension_check_1","[0, 'Empty']","any_QUD",10.28745,3,"",4,"","any"
"comprehension_check_1","[0, 'Jam']","any_QUD",10.28745,3,"",4,"","any"
"practice_trial","[1720, 'No']","any_QUD",10.28745,3,"none.wav",6,"13","any"
"practice_trial","[1581, 'Yes']","any_QUD",10.28745,3,"all.wav",7,"13","any"
"practice_trial","[1998, 'No']","any_QUD",10.28745,3,"all.wav",8,"0","any"
"practice_trial","[1755, 'Yes']","any_QUD",10.28745,3,"none.wav",9,"0","any"
"trial_1","[1809, 'No']","any_QUD",10.28745,3,"none.wav",11,"8","any"
"trial_1","[2162, 'No']","any_QUD",10.28745,3,"some.wav",12,"13","any"
"trial_1","[1714, 'No']","any_QUD",10.28745,3,"five.wav",13,"0","any"
"trial_1","[1983, 'No']","any_QUD",10.28745,3,"four.wav",14,"5","any"
"trial_1","[1304, 'Yes']","any_QUD",10.28745,3,"none.wav",15,"0","any"
"trial_1","[1969, 'No']","any_QUD",10.28745,3,"thirteen.wav",16,"8","any"
"trial_1","[1411, 'Yes']","any_QUD",10.28745,3,"all.wav",17,"13","any"
"trial_1","[3015, 'Yes']","any_QUD",10.28745,3,"eight.wav",18,"8","any"
"trial_1","[1921, 'Yes']","any_QUD",10.28745,3,"some.wav",19,"8","any"
"trial_1","[1842, 'No']","any_QUD",10.28745,3,"eleven.wav",20,"8","any"
"trial_1","[2131, 'No']","any_QUD",10.28745,3,"some.wav",21,"13","any"
"trial_1","[967, 'Yes']","any_QUD",10.28745,3,"all.wav",22,"13","any"
"trial_1","[1512, 'No']","any_QUD",10.28745,3,"all.wav",23,"2","any"
"trial_1","[1383, 'Yes']","any_QUD",10.28745,3,"two.wav",24,"2","any"
"trial_1","[1279, 'No']","any_QUD",10.28745,3,"some.wav",25,"0","any"
"trial_1","[2399, 'No']","any_QUD",10.28745,3,"eight.wav",26,"13","any"
"trial_1","[1253, 'No']","any_QUD",10.28745,3,"all.wav",27,"5","any"
"trial_1","[1218, 'Yes']","any_QUD",10.28745,3,"two.wav",28,"2","any"
"trial_1","[1178, 'No']","any_QUD",10.28745,3,"some.wav",29,"0","any"
"trial_1","[1176, 'No']","any_QUD",10.28745,3,"all.wav",30,"11","any"
"trial_1","[6842, 'No']","any_QUD",10.28745,3,"seven.wav",31,"11","any"
"trial_1","[1339, 'Yes']","any_QUD",10.28745,3,"all.wav",32,"13","any"
"trial_1","[1952, 'No']","any_QUD",10.28745,3,"some.wav",33,"13","any"
"trial_1","[1416, 'No']","any_QUD",10.28745,3,"ten.wav",34,"5","any"
"trial_1","[1651, 'Yes']","any_QUD",10.28745,3,"five.wav",35,"5","any"
"trial_1","[1533, 'Yes']","any_QUD",10.28745,3,"some.wav",36,"5","any"
"trial_1","[1491, 'Yes']","any_QUD",10.28745,3,"none.wav",37,"0","any"
"trial_1","[1210, 'Yes']","any_QUD",10.28745,3,"two.wav",38,"2","any"
"trial_1","[1353, 'Yes']","any_QUD",10.28745,3,"none.wav",39,"0","any"
"trial_1","[1111, 'No']","any_QUD",10.28745,3,"all.wav",40,"0","any"
"trial_1","[2822, 'Yes']","any_QUD",10.28745,3,"eight.wav",41,"8","any"
"trial_1","[1265, 'Yes']","any_QUD",10.28745,3,"all.wav",42,"13","any"
"trial_1","[1668, 'No']","any_QUD",10.28745,3,"eleven.wav",43,"0","any"
"trial_1","[1180, 'Yes']","any_QUD",10.28745,3,"two.wav",44,"2","any"
"trial_1","[5711, 'Yes']","any_QUD",10.28745,3,"eleven.wav",45,"11","any"
"trial_1","[1575, 'No']","any_QUD",10.28745,3,"some.wav",46,"13","any"
"comprehension_check_2","[0, 'Jam']","any_QUD",10.28745,3,"",47,"","any"
"trial_2","[1544, 'No']","any_QUD",10.28745,3,"some.wav",48,"13","any"
"trial_2","[1037, 'Yes']","any_QUD",10.28745,3,"none.wav",49,"0","any"
"trial_2","[1200, 'No']","any_QUD",10.28745,3,"all.wav",50,"8","any"
"trial_2","[6508, 'No']","any_QUD",10.28745,3,"ten.wav",51,"13","any"
"trial_2","[5622, 'Yes']","any_QUD",10.28745,3,"eight.wav",52,"8","any"
"trial_2","[1226, 'Yes']","any_QUD",10.28745,3,"all.wav",53,"13","any"
"trial_2","[2123, 'Yes']","any_QUD",10.28745,3,"five.wav",54,"5","any"
"trial_2","[1257, 'No']","any_QUD",10.28745,3,"none.wav",55,"13","any"
"trial_2","[1259, 'No']","any_QUD",10.28745,3,"some.wav",56,"13","any"
"trial_2","[1488, 'No']","any_QUD",10.28745,3,"all.wav",57,"5","any"
"trial_2","[1493, 'No']","any_QUD",10.28745,3,"two.wav",58,"5","any"
"trial_2","[915, 'Yes']","any_QUD",10.28745,3,"all.wav",59,"13","any"
"trial_2","[1594, 'Yes']","any_QUD",10.28745,3,"some.wav",60,"2","any"
"trial_2","[1612, 'No']","any_QUD",10.28745,3,"three.wav",61,"0","any"
"trial_2","[1441, 'No']","any_QUD",10.28745,3,"some.wav",62,"0","any"
"trial_2","[1389, 'No']","any_QUD",10.28745,3,"one.wav",63,"11","any"
"trial_2","[2645, 'Yes']","any_QUD",10.28745,3,"eight.wav",64,"8","any"
"trial_2","[1263, 'Yes']","any_QUD",10.28745,3,"two.wav",65,"2","any"
"trial_2","[1323, 'No']","any_QUD",10.28745,3,"five.wav",66,"13","any"
"trial_2","[1258, 'No']","any_QUD",10.28745,3,"some.wav",67,"0","any"
"trial_2","[1640, 'No']","any_QUD",10.28745,3,"some.wav",68,"13","any"
"trial_2","[1444, 'No']","any_QUD",10.28745,3,"all.wav",69,"11","any"
"trial_2","[909, 'Yes']","any_QUD",10.28745,3,"all.wav",70,"13","any"
"trial_2","[1183, 'No']","any_QUD",10.28745,3,"none.wav",71,"2","any"
"trial_2","[1137, 'Yes']","any_QUD",10.28745,3,"all.wav",72,"13","any"
"trial_2","[2145, 'Yes']","any_QUD",10.28745,3,"none.wav",73,"0","any"
"trial_2","[1286, 'No']","any_QUD",10.28745,3,"twelve.wav",74,"2","any"
"trial_2","[1287, 'No']","any_QUD",10.28745,3,"nine.wav",75,"5","any"
"trial_2","[1961, 'Yes']","any_QUD",10.28745,3,"some.wav",76,"11","any"
"trial_2","[4781, 'Yes']","any_QUD",10.28745,3,"eleven.wav",77,"11","any"
"trial_2","[1472, 'No']","any_QUD",10.28745,3,"two.wav",78,"8","any"
"trial_2","[1602, 'Yes']","any_QUD",10.28745,3,"two.wav",79,"2","any"
"trial_2","[2450, 'Yes']","any_QUD",10.28745,3,"eight.wav",80,"8","any"
"trial_2","[1351, 'No']","any_QUD",10.28745,3,"some.wav",81,"13","any"
"trial_2","[1922, 'Yes']","any_QUD",10.28745,3,"five.wav",82,"5","any"
"trial_2","[1120, 'No']","any_QUD",10.28745,3,"all.wav",83,"0","any"
"bot_check","[0, 'Margaret']","no_QUD",9.73166666666667,4,"",1,"Margaret","no"
"audio_check","[0, 'Four']","no_QUD",9.73166666666667,4,"",3,"","no"
"practice_trial","[5207, 'No']","no_QUD",9.73166666666667,4,"none.wav",6,"13","no"
"practice_trial","[1462, 'Yes']","no_QUD",9.73166666666667,4,"all.wav",7,"13","no"
"practice_trial","[1649, 'No']","no_QUD",9.73166666666667,4,"all.wav",8,"0","no"
"practice_trial","[2057, 'Yes']","no_QUD",9.73166666666667,4,"none.wav",9,"0","no"
"trial_1","[4348, 'Yes']","no_QUD",9.73166666666667,4,"some.wav",11,"8","no"
"trial_1","[1947, 'No']","no_QUD",9.73166666666667,4,"some.wav",12,"13","no"
"trial_1","[1538, 'No']","no_QUD",9.73166666666667,4,"some.wav",13,"0","no"
"trial_1","[4594, 'No']","no_QUD",9.73166666666667,4,"eleven.wav",14,"8","no"
"trial_1","[1571, 'No']","no_QUD",9.73166666666667,4,"all.wav",15,"5","no"
"trial_1","[1582, 'No']","no_QUD",9.73166666666667,4,"none.wav",16,"8","no"
"trial_1","[1782, 'No']","no_QUD",9.73166666666667,4,"four.wav",17,"5","no"
"trial_1","[1754, 'Yes']","no_QUD",9.73166666666667,4,"none.wav",18,"0","no"
"trial_1","[7676, 'No']","no_QUD",9.73166666666667,4,"eight.wav",19,"13","no"
"trial_1","[3021, 'No']","no_QUD",9.73166666666667,4,"thirteen.wav",20,"8","no"
"trial_1","[1530, 'No']","no_QUD",9.73166666666667,4,"some.wav",21,"13","no"
"trial_1","[1183, 'Yes']","no_QUD",9.73166666666667,4,"all.wav",22,"13","no"
"trial_1","[1893, 'No']","no_QUD",9.73166666666667,4,"five.wav",23,"0","no"
"trial_1","[1417, 'Yes']","no_QUD",9.73166666666667,4,"two.wav",24,"2","no"
"trial_1","[2285, 'Yes']","no_QUD",9.73166666666667,4,"eight.wav",25,"8","no"
"trial_1","[1389, 'No']","no_QUD",9.73166666666667,4,"all.wav",26,"2","no"
"trial_1","[3812, 'Yes']","no_QUD",9.73166666666667,4,"two.wav",27,"2","no"
"trial_1","[1710, 'Yes']","no_QUD",9.73166666666667,4,"all.wav",28,"13","no"
"trial_1","[1142, 'Yes']","no_QUD",9.73166666666667,4,"all.wav",29,"13","no"
"trial_1","[1587, 'No']","no_QUD",9.73166666666667,4,"eleven.wav",30,"0","no"
"trial_1","[2759, 'No']","no_QUD",9.73166666666667,4,"ten.wav",31,"5","no"
"trial_1","[1330, 'Yes']","no_QUD",9.73166666666667,4,"two.wav",32,"2","no"
"trial_1","[1141, 'No']","no_QUD",9.73166666666667,4,"all.wav",33,"0","no"
"trial_1","[3993, 'Yes']","no_QUD",9.73166666666667,4,"eleven.wav",34,"11","no"
"trial_1","[3658, 'No']","no_QUD",9.73166666666667,4,"some.wav",35,"0","no"
"trial_1","[2433, 'Yes']","no_QUD",9.73166666666667,4,"two.wav",36,"2","no"
"trial_1","[1177, 'No']","no_QUD",9.73166666666667,4,"some.wav",37,"13","no"
"trial_1","[1713, 'Yes']","no_QUD",9.73166666666667,4,"five.wav",38,"5","no"
"trial_1","[4246, 'Yes']","no_QUD",9.73166666666667,4,"eight.wav",39,"8","no"
"trial_1","[6045, 'No']","no_QUD",9.73166666666667,4,"seven.wav",40,"11","no"
"trial_1","[1525, 'Yes']","no_QUD",9.73166666666667,4,"some.wav",41,"5","no"
"trial_1","[953, 'Yes']","no_QUD",9.73166666666667,4,"all.wav",42,"13","no"
"trial_1","[1409, 'No']","no_QUD",9.73166666666667,4,"all.wav",43,"11","no"
"trial_1","[1168, 'No']","no_QUD",9.73166666666667,4,"some.wav",44,"13","no"
"trial_1","[1496, 'Yes']","no_QUD",9.73166666666667,4,"none.wav",45,"0","no"
"trial_1","[1689, 'Yes']","no_QUD",9.73166666666667,4,"none.wav",46,"0","no"
"trial_2","[1263, 'No']","no_QUD",9.73166666666667,4,"two.wav",47,"5","no"
"trial_2","[1099, 'No']","no_QUD",9.73166666666667,4,"all.wav",48,"5","no"
"trial_2","[1148, 'No']","no_QUD",9.73166666666667,4,"some.wav",49,"0","no"
"trial_2","[1375, 'No']","no_QUD",9.73166666666667,4,"all.wav",50,"8","no"
"trial_2","[2146, 'No']","no_QUD",9.73166666666667,4,"three.wav",51,"0","no"
"trial_2","[5170, 'Yes']","no_QUD",9.73166666666667,4,"some.wav",52,"2","no"
"trial_2","[1045, 'Yes']","no_QUD",9.73166666666667,4,"all.wav",53,"13","no"
"trial_2","[1159, 'Yes']","no_QUD",9.73166666666667,4,"two.wav",54,"2","no"
"trial_2","[3386, 'No']","no_QUD",9.73166666666667,4,"ten.wav",55,"13","no"
"trial_2","[1508, 'No']","no_QUD",9.73166666666667,4,"some.wav",56,"13","no"
"trial_2","[3233, 'Yes']","no_QUD",9.73166666666667,4,"eight.wav",57,"8","no"
"trial_2","[2222, 'Yes']","no_QUD",9.73166666666667,4,"eight.wav",58,"8","no"
"trial_2","[1535, 'Yes']","no_QUD",9.73166666666667,4,"five.wav",59,"5","no"
"trial_2","[1421, 'No']","no_QUD",9.73166666666667,4,"some.wav",60,"13","no"
"trial_2","[1155, 'Yes']","no_QUD",9.73166666666667,4,"none.wav",61,"0","no"
"trial_2","[2342, 'No']","no_QUD",9.73166666666667,4,"one.wav",62,"11","no"
"trial_2","[1145, 'Yes']","no_QUD",9.73166666666667,4,"all.wav",63,"13","no"
"trial_2","[1869, 'No']","no_QUD",9.73166666666667,4,"none.wav",64,"13","no"
"trial_2","[3802, 'Yes']","no_QUD",9.73166666666667,4,"five.wav",65,"5","no"
"trial_2","[852, 'Yes']","no_QUD",9.73166666666667,4,"all.wav",66,"13","no"
"trial_2","[1647, 'Yes']","no_QUD",9.73166666666667,4,"some.wav",67,"11","no"
"trial_2","[2199, 'No']","no_QUD",9.73166666666667,4,"twelve.wav",68,"2","no"
"trial_2","[1967, 'No']","no_QUD",9.73166666666667,4,"nine.wav",69,"5","no"
"trial_2","[1738, 'No']","no_QUD",9.73166666666667,4,"none.wav",70,"2","no"
"trial_2","[1449, 'No']","no_QUD",9.73166666666667,4,"two.wav",71,"8","no"
"trial_2","[1795, 'Yes']","no_QUD",9.73166666666667,4,"all.wav",72,"13","no"
"trial_2","[1070, 'No']","no_QUD",9.73166666666667,4,"some.wav",73,"13","no"
"trial_2","[945, 'No']","no_QUD",9.73166666666667,4,"some.wav",74,"13","no"
"trial_2","[3714, 'Yes']","no_QUD",9.73166666666667,4,"eleven.wav",75,"11","no"
"trial_2","[3455, 'No']","no_QUD",9.73166666666667,4,"some.wav",76,"0","no"
"trial_2","[1191, 'No']","no_QUD",9.73166666666667,4,"five.wav",77,"13","no"
"trial_2","[1274, 'Yes']","no_QUD",9.73166666666667,4,"none.wav",78,"0","no"
"trial_2","[4198, 'Yes']","no_QUD",9.73166666666667,4,"eight.wav",79,"8","no"
"trial_2","[1534, 'No']","no_QUD",9.73166666666667,4,"all.wav",80,"0","no"
"trial_2","[1145, 'No']","no_QUD",9.73166666666667,4,"all.wav",81,"11","no"
"trial_2","[1332, 'Yes']","no_QUD",9.73166666666667,4,"two.wav",82,"2","no"
"bot_check","[0, 'Jennifer']","no_QUD",8.89695,5,"",1,"Jennifer","no"
"audio_check","[0, 'Four']","no_QUD",8.89695,5,"",3,"","no"
"practice_trial","[1701, 'No']","no_QUD",8.89695,5,"none.wav",6,"13","no"
"practice_trial","[1781, 'Yes']","no_QUD",8.89695,5,"all.wav",7,"13","no"
"practice_trial","[1418, 'No']","no_QUD",8.89695,5,"all.wav",8,"0","no"
"practice_trial","[1953, 'Yes']","no_QUD",8.89695,5,"none.wav",9,"0","no"
"trial_1","[4808, 'Yes']","no_QUD",8.89695,5,"all.wav",11,"13","no"
"trial_1","[2499, 'Yes']","no_QUD",8.89695,5,"some.wav",12,"13","no"
"trial_1","[2015, 'No']","no_QUD",8.89695,5,"thirteen.wav",13,"8","no"
"trial_1","[1539, 'No']","no_QUD",8.89695,5,"eight.wav",14,"13","no"
"trial_1","[1859, 'No']","no_QUD",8.89695,5,"four.wav",15,"5","no"
"trial_1","[1343, 'No']","no_QUD",8.89695,5,"all.wav",16,"5","no"
"trial_1","[1503, 'Yes']","no_QUD",8.89695,5,"some.wav",17,"8","no"
"trial_1","[1383, 'No']","no_QUD",8.89695,5,"some.wav",18,"0","no"
"trial_1","[1449, 'Yes']","no_QUD",8.89695,5,"none.wav",19,"0","no"
"trial_1","[1586, 'No']","no_QUD",8.89695,5,"all.wav",20,"2","no"
"trial_1","[1565, 'No']","no_QUD",8.89695,5,"five.wav",21,"0","no"
"trial_1","[1488, 'Yes']","no_QUD",8.89695,5,"two.wav",22,"2","no"
"trial_1","[2220, 'No']","no_QUD",8.89695,5,"eleven.wav",23,"8","no"
"trial_1","[1323, 'Yes']","no_QUD",8.89695,5,"all.wav",24,"13","no"
"trial_1","[1565, 'Yes']","no_QUD",8.89695,5,"some.wav",25,"13","no"
"trial_1","[1586, 'Yes']","no_QUD",8.89695,5,"two.wav",26,"2","no"
"trial_1","[3918, 'No']","no_QUD",8.89695,5,"none.wav",27,"8","no"
"trial_1","[2471, 'Yes']","no_QUD",8.89695,5,"eight.wav",28,"8","no"
"trial_1","[1919, 'No']","no_QUD",8.89695,5,"eleven.wav",29,"0","no"
"trial_1","[1595, 'No']","no_QUD",8.89695,5,"ten.wav",30,"5","no"
"trial_1","[1749, 'No']","no_QUD",8.89695,5,"all.wav",31,"11","no"
"trial_1","[2529, 'Yes']","no_QUD",8.89695,5,"two.wav",32,"2","no"
"trial_1","[1498, 'Yes']","no_QUD",8.89695,5,"none.wav",33,"0","no"
"trial_1","[1775, 'No']","no_QUD",8.89695,5,"some.wav",34,"0","no"
"trial_1","[1198, 'Yes']","no_QUD",8.89695,5,"two.wav",35,"2","no"
"trial_1","[2566, 'No']","no_QUD",8.89695,5,"seven.wav",36,"11","no"
"trial_1","[1357, 'Yes']","no_QUD",8.89695,5,"none.wav",37,"0","no"
"trial_1","[1188, 'Yes']","no_QUD",8.89695,5,"all.wav",38,"13","no"
"trial_1","[1614, 'Yes']","no_QUD",8.89695,5,"five.wav",39,"5","no"
"trial_1","[1016, 'Yes']","no_QUD",8.89695,5,"all.wav",40,"13","no"
"trial_1","[1541, 'Yes']","no_QUD",8.89695,5,"some.wav",41,"13","no"
"trial_1","[1122, 'Yes']","no_QUD",8.89695,5,"some.wav",42,"5","no"
"trial_1","[2215, 'Yes']","no_QUD",8.89695,5,"eight.wav",43,"8","no"
"trial_1","[1042, 'Yes']","no_QUD",8.89695,5,"some.wav",44,"13","no"
"trial_1","[1304, 'No']","no_QUD",8.89695,5,"all.wav",45,"0","no"
"trial_1","[3057, 'Yes']","no_QUD",8.89695,5,"eleven.wav",46,"11","no"
"trial_2","[2509, 'No']","no_QUD",8.89695,5,"ten.wav",47,"13","no"
"trial_2","[1690, 'No']","no_QUD",8.89695,5,"three.wav",48,"0","no"
"trial_2","[1478, 'No']","no_QUD",8.89695,5,"two.wav",49,"5","no"
"trial_2","[1237, 'No']","no_QUD",8.89695,5,"all.wav",50,"8","no"
"trial_2","[1818, 'Yes']","no_QUD",8.89695,5,"some.wav",51,"13","no"
"trial_2","[1831, 'Yes']","no_QUD",8.89695,5,"all.wav",52,"13","no"
"trial_2","[3901, 'Yes']","no_QUD",8.89695,5,"some.wav",53,"13","no"
"trial_2","[1318, 'Yes']","no_QUD",8.89695,5,"all.wav",54,"13","no"
"trial_2","[1549, 'Yes']","no_QUD",8.89695,5,"some.wav",55,"2","no"
"trial_2","[1501, 'Yes']","no_QUD",8.89695,5,"five.wav",56,"5","no"
"trial_2","[1449, 'No']","no_QUD",8.89695,5,"none.wav",57,"13","no"
"trial_2","[1744, 'Yes']","no_QUD",8.89695,5,"one.wav",58,"11","no"
"trial_2","[2182, 'Yes']","no_QUD",8.89695,5,"eight.wav",59,"8","no"
"trial_2","[1069, 'Yes']","no_QUD",8.89695,5,"two.wav",60,"2","no"
"trial_2","[1291, 'No']","no_QUD",8.89695,5,"all.wav",61,"5","no"
"trial_2","[1328, 'Yes']","no_QUD",8.89695,5,"none.wav",62,"0","no"
"trial_2","[2843, 'Yes']","no_QUD",8.89695,5,"eight.wav",63,"8","no"
"trial_2","[2701, 'No']","no_QUD",8.89695,5,"some.wav",64,"0","no"
"trial_2","[1759, 'Yes']","no_QUD",8.89695,5,"all.wav",65,"13","no"
"trial_2","[1505, 'Yes']","no_QUD",8.89695,5,"all.wav",66,"13","no"
"trial_2","[2632, 'No']","no_QUD",8.89695,5,"twelve.wav",67,"2","no"
"trial_2","[1559, 'No']","no_QUD",8.89695,5,"some.wav",68,"0","no"
"trial_2","[1560, 'No']","no_QUD",8.89695,5,"all.wav",69,"11","no"
"trial_2","[1807, 'Yes']","no_QUD",8.89695,5,"some.wav",70,"13","no"
"trial_2","[1530, 'No']","no_QUD",8.89695,5,"all.wav",71,"0","no"
"trial_2","[2447, 'No']","no_QUD",8.89695,5,"two.wav",72,"8","no"
"trial_2","[2555, 'Yes']","no_QUD",8.89695,5,"eight.wav",73,"8","no"
"trial_2","[1426, 'No']","no_QUD",8.89695,5,"nine.wav",74,"5","no"
"trial_2","[1451, 'No']","no_QUD",8.89695,5,"none.wav",75,"2","no"
"trial_2","[2648, 'Yes']","no_QUD",8.89695,5,"none.wav",76,"0","no"
"trial_2","[4199, 'No']","no_QUD",8.89695,5,"eleven.wav",77,"11","no"
"trial_2","[1876, 'No']","no_QUD",8.89695,5,"some.wav",78,"13","no"
"trial_2","[1585, 'No']","no_QUD",8.89695,5,"five.wav",79,"5","no"
"trial_2","[2135, 'Yes']","no_QUD",8.89695,5,"some.wav",80,"11","no"
"trial_2","[1739, 'No']","no_QUD",8.89695,5,"five.wav",81,"13","no"
"trial_2","[1758, 'Yes']","no_QUD",8.89695,5,"two.wav",82,"2","no"
