"","slide_type","rtime","rkey","Answer.condition","Answer.time_in_minutes","workerid","audio","slide_number","image","speaker_cond"
"1","bot_check","0"," Jennifer","all_QUD",9.6172,0,"",1,"Jennifer","all"
"2","audio_check","0"," Four","all_QUD",9.6172,0,"",3,"","all"
"3","comprehension_check_1","0"," Empty","all_QUD",9.6172,0,"",4,"","all"
"4","practice_trial","6195"," No","all_QUD",9.6172,0,"none.wav",6,"13","all"
"5","practice_trial","2180"," Yes","all_QUD",9.6172,0,"all.wav",7,"13","all"
"6","practice_trial","1941"," No","all_QUD",9.6172,0,"all.wav",8,"0","all"
"7","practice_trial","2833"," Yes","all_QUD",9.6172,0,"none.wav",9,"0","all"
"8","trial_1","6575"," Yes","all_QUD",9.6172,0,"none.wav",11,"8","all"
"9","trial_1","4582"," Yes","all_QUD",9.6172,0,"some.wav",12,"13","all"
"10","trial_1","1768"," Yes","all_QUD",9.6172,0,"two.wav",13,"2","all"
"11","trial_1","1709"," No","all_QUD",9.6172,0,"all.wav",14,"2","all"
"12","trial_1","3184"," No","all_QUD",9.6172,0,"four.wav",15,"5","all"
"13","trial_1","2291"," Yes","all_QUD",9.6172,0,"all.wav",16,"13","all"
"14","trial_1","1569"," Yes","all_QUD",9.6172,0,"two.wav",17,"2","all"
"15","trial_1","2166"," Yes","all_QUD",9.6172,0,"none.wav",18,"0","all"
"16","trial_1","3101"," Yes","all_QUD",9.6172,0,"eight.wav",19,"8","all"
"17","trial_1","1604"," No","all_QUD",9.6172,0,"five.wav",20,"0","all"
"18","trial_1","2047"," No","all_QUD",9.6172,0,"eleven.wav",21,"8","all"
"19","trial_1","1466"," No","all_QUD",9.6172,0,"some.wav",22,"0","all"
"20","trial_1","1872"," No","all_QUD",9.6172,0,"eight.wav",23,"13","all"
"21","trial_1","2792"," Yes","all_QUD",9.6172,0,"some.wav",24,"13","all"
"22","trial_1","1689"," Yes","all_QUD",9.6172,0,"some.wav",25,"8","all"
"23","trial_1","1630"," Yes","all_QUD",9.6172,0,"all.wav",26,"13","all"
"24","trial_1","1925"," No","all_QUD",9.6172,0,"thirteen.wav",27,"8","all"
"25","trial_1","1750"," No","all_QUD",9.6172,0,"all.wav",28,"5","all"
"26","trial_1","1498"," Yes","all_QUD",9.6172,0,"all.wav",29,"13","all"
"27","trial_1","1699"," No","all_QUD",9.6172,0,"ten.wav",30,"5","all"
"28","trial_1","1236"," No","all_QUD",9.6172,0,"some.wav",31,"0","all"
"29","trial_1","1524"," Yes","all_QUD",9.6172,0,"none.wav",32,"0","all"
"30","trial_1","3679"," No","all_QUD",9.6172,0,"seven.wav",33,"11","all"
"31","trial_1","1733"," Yes","all_QUD",9.6172,0,"two.wav",34,"2","all"
"32","trial_1","1757"," Yes","all_QUD",9.6172,0,"two.wav",35,"2","all"
"33","trial_1","2250"," Yes","all_QUD",9.6172,0,"eight.wav",36,"8","all"
"34","trial_1","4583"," Yes","all_QUD",9.6172,0,"eleven.wav",37,"11","all"
"35","trial_1","1940"," Yes","all_QUD",9.6172,0,"some.wav",38,"13","all"
"36","trial_1","1993"," Yes","all_QUD",9.6172,0,"none.wav",39,"0","all"
"37","trial_1","1505"," No","all_QUD",9.6172,0,"eleven.wav",40,"0","all"
"38","trial_1","1896"," Yes","all_QUD",9.6172,0,"all.wav",41,"13","all"
"39","trial_1","1815"," Yes","all_QUD",9.6172,0,"five.wav",42,"5","all"
"40","trial_1","1540"," Yes","all_QUD",9.6172,0,"some.wav",43,"5","all"
"41","trial_1","1307"," Yes","all_QUD",9.6172,0,"some.wav",44,"13","all"
"42","trial_1","1760"," No","all_QUD",9.6172,0,"all.wav",45,"0","all"
"43","trial_1","1407"," No","all_QUD",9.6172,0,"all.wav",46,"11","all"
"44","comprehension_check_2","0"," Empty","all_QUD",9.6172,0,"",47,"","all"
"45","trial_2","1719"," Yes","all_QUD",9.6172,0,"some.wav",48,"13","all"
"46","trial_2","2032"," Yes","all_QUD",9.6172,0,"two.wav",49,"2","all"
"47","trial_2","1755"," Yes","all_QUD",9.6172,0,"five.wav",50,"5","all"
"48","trial_2","1191"," No","all_QUD",9.6172,0,"all.wav",51,"8","all"
"49","trial_2","1543"," Yes","all_QUD",9.6172,0,"eight.wav",52,"8","all"
"50","trial_2","2608"," Yes","all_QUD",9.6172,0,"eight.wav",53,"8","all"
"51","trial_2","1996"," Yes","all_QUD",9.6172,0,"some.wav",54,"13","all"
"52","trial_2","1435"," Yes","all_QUD",9.6172,0,"some.wav",55,"2","all"
"53","trial_2","1339"," No","all_QUD",9.6172,0,"three.wav",56,"0","all"
"54","trial_2","2154"," No","all_QUD",9.6172,0,"two.wav",57,"5","all"
"55","trial_2","1593"," No","all_QUD",9.6172,0,"none.wav",58,"13","all"
"56","trial_2","1745"," Yes","all_QUD",9.6172,0,"all.wav",59,"13","all"
"57","trial_2","2838"," No","all_QUD",9.6172,0,"one.wav",60,"11","all"
"58","trial_2","1481"," No","all_QUD",9.6172,0,"all.wav",61,"5","all"
"59","trial_2","1460"," Yes","all_QUD",9.6172,0,"none.wav",62,"0","all"
"60","trial_2","1103"," No","all_QUD",9.6172,0,"some.wav",63,"0","all"
"61","trial_2","899"," Yes","all_QUD",9.6172,0,"all.wav",64,"13","all"
"62","trial_2","3767"," No","all_QUD",9.6172,0,"ten.wav",65,"13","all"
"63","trial_2","1173"," Yes","all_QUD",9.6172,0,"all.wav",66,"13","all"
"64","trial_2","1146"," No","all_QUD",9.6172,0,"twelve.wav",67,"2","all"
"65","trial_2","1085"," No","all_QUD",9.6172,0,"none.wav",68,"2","all"
"66","trial_2","1386"," Yes","all_QUD",9.6172,0,"none.wav",69,"0","all"
"67","trial_2","1604"," No","all_QUD",9.6172,0,"two.wav",70,"8","all"
"68","trial_2","2295"," Yes","all_QUD",9.6172,0,"eight.wav",71,"8","all"
"69","trial_2","1064"," Yes","all_QUD",9.6172,0,"two.wav",72,"2","all"
"70","trial_2","1220"," No","all_QUD",9.6172,0,"all.wav",73,"11","all"
"71","trial_2","1325"," Yes","all_QUD",9.6172,0,"some.wav",74,"11","all"
"72","trial_2","3499"," Yes","all_QUD",9.6172,0,"eleven.wav",75,"11","all"
"73","trial_2","1011"," No","all_QUD",9.6172,0,"all.wav",76,"0","all"
"74","trial_2","1149"," No","all_QUD",9.6172,0,"some.wav",77,"0","all"
"75","trial_2","1306"," Yes","all_QUD",9.6172,0,"some.wav",78,"13","all"
"76","trial_2","1490"," No","all_QUD",9.6172,0,"nine.wav",79,"5","all"
"77","trial_2","2261"," No","all_QUD",9.6172,0,"five.wav",80,"13","all"
"78","trial_2","1270"," Yes","all_QUD",9.6172,0,"all.wav",81,"13","all"
"79","trial_2","1576"," Yes","all_QUD",9.6172,0,"some.wav",82,"13","all"
"80","trial_2","1015"," Yes","all_QUD",9.6172,0,"five.wav",83,"5","all"
"81","bot_check","0"," Linda","all_QUD",8.93723333333333,1,"",1,"Linda","all"
"82","audio_check","0"," Four","all_QUD",8.93723333333333,1,"",3,"","all"
"83","comprehension_check_1","0"," Empty","all_QUD",8.93723333333333,1,"",4,"","all"
"84","practice_trial","2148"," No","all_QUD",8.93723333333333,1,"none.wav",6,"13","all"
"85","practice_trial","1455"," Yes","all_QUD",8.93723333333333,1,"all.wav",7,"13","all"
"86","practice_trial","3697"," No","all_QUD",8.93723333333333,1,"all.wav",8,"0","all"
"87","practice_trial","1759"," Yes","all_QUD",8.93723333333333,1,"none.wav",9,"0","all"
"88","trial_1","3014"," No","all_QUD",8.93723333333333,1,"five.wav",11,"0","all"
"89","trial_1","1773"," Yes","all_QUD",8.93723333333333,1,"all.wav",12,"13","all"
"90","trial_1","1880"," Yes","all_QUD",8.93723333333333,1,"none.wav",13,"0","all"
"91","trial_1","1568"," Yes","all_QUD",8.93723333333333,1,"two.wav",14,"2","all"
"92","trial_1","2412"," No","all_QUD",8.93723333333333,1,"four.wav",15,"5","all"
"93","trial_1","5060"," No","all_QUD",8.93723333333333,1,"some.wav",16,"13","all"
"94","trial_1","1897"," No","all_QUD",8.93723333333333,1,"all.wav",17,"2","all"
"95","trial_1","1700"," Yes","all_QUD",8.93723333333333,1,"two.wav",18,"2","all"
"96","trial_1","1794"," No","all_QUD",8.93723333333333,1,"some.wav",19,"0","all"
"97","trial_1","2289"," Yes","all_QUD",8.93723333333333,1,"eight.wav",20,"8","all"
"98","trial_1","1961"," No","all_QUD",8.93723333333333,1,"none.wav",21,"8","all"
"99","trial_1","1576"," Yes","all_QUD",8.93723333333333,1,"all.wav",22,"13","all"
"100","trial_1","2115"," No","all_QUD",8.93723333333333,1,"some.wav",23,"13","all"
"101","trial_1","2331"," No","all_QUD",8.93723333333333,1,"thirteen.wav",24,"8","all"
"102","trial_1","1730"," Yes","all_QUD",8.93723333333333,1,"some.wav",25,"8","all"
"103","trial_1","1824"," No","all_QUD",8.93723333333333,1,"all.wav",26,"5","all"
"104","trial_1","2467"," No","all_QUD",8.93723333333333,1,"eight.wav",27,"13","all"
"105","trial_1","2499"," No","all_QUD",8.93723333333333,1,"eleven.wav",28,"8","all"
"106","trial_1","1636"," Yes","all_QUD",8.93723333333333,1,"all.wav",29,"13","all"
"107","trial_1","1515"," Yes","all_QUD",8.93723333333333,1,"five.wav",30,"5","all"
"108","trial_1","1272"," No","all_QUD",8.93723333333333,1,"some.wav",31,"0","all"
"109","trial_1","999"," No","all_QUD",8.93723333333333,1,"some.wav",32,"13","all"
"110","trial_1","1598"," Yes","all_QUD",8.93723333333333,1,"none.wav",33,"0","all"
"111","trial_1","1210"," Yes","all_QUD",8.93723333333333,1,"eight.wav",34,"8","all"
"112","trial_1","1170"," No","all_QUD",8.93723333333333,1,"eleven.wav",35,"0","all"
"113","trial_1","1654"," No","all_QUD",8.93723333333333,1,"seven.wav",36,"11","all"
"114","trial_1","1072"," No","all_QUD",8.93723333333333,1,"ten.wav",37,"5","all"
"115","trial_1","4027"," Yes","all_QUD",8.93723333333333,1,"eleven.wav",38,"11","all"
"116","trial_1","1007"," No","all_QUD",8.93723333333333,1,"all.wav",39,"0","all"
"117","trial_1","906"," Yes","all_QUD",8.93723333333333,1,"two.wav",40,"2","all"
"118","trial_1","2641"," No","all_QUD",8.93723333333333,1,"some.wav",41,"13","all"
"119","trial_1","1265"," No","all_QUD",8.93723333333333,1,"all.wav",42,"11","all"
"120","trial_1","1431"," Yes","all_QUD",8.93723333333333,1,"some.wav",43,"5","all"
"121","trial_1","1177"," Yes","all_QUD",8.93723333333333,1,"none.wav",44,"0","all"
"122","trial_1","806"," Yes","all_QUD",8.93723333333333,1,"all.wav",45,"13","all"
"123","trial_1","842"," Yes","all_QUD",8.93723333333333,1,"two.wav",46,"2","all"
"124","comprehension_check_2","0"," Empty","all_QUD",8.93723333333333,1,"",47,"","all"
"125","trial_2","1701"," No","all_QUD",8.93723333333333,1,"some.wav",48,"13","all"
"126","trial_2","1779"," Yes","all_QUD",8.93723333333333,1,"eight.wav",49,"8","all"
"127","trial_2","750"," Yes","all_QUD",8.93723333333333,1,"all.wav",50,"13","all"
"128","trial_2","950"," No","all_QUD",8.93723333333333,1,"some.wav",51,"0","all"
"129","trial_2","882"," Yes","all_QUD",8.93723333333333,1,"five.wav",52,"5","all"
"130","trial_2","928"," Yes","all_QUD",8.93723333333333,1,"eight.wav",53,"8","all"
"131","trial_2","1057"," No","all_QUD",8.93723333333333,1,"none.wav",54,"13","all"
"132","trial_2","812"," Yes","all_QUD",8.93723333333333,1,"all.wav",55,"13","all"
"133","trial_2","984"," Yes","all_QUD",8.93723333333333,1,"none.wav",56,"0","all"
"134","trial_2","1021"," No","all_QUD",8.93723333333333,1,"two.wav",57,"5","all"
"135","trial_2","1291"," Yes","all_QUD",8.93723333333333,1,"some.wav",58,"2","all"
"136","trial_2","1237"," No","all_QUD",8.93723333333333,1,"one.wav",59,"11","all"
"137","trial_2","1758"," No","all_QUD",8.93723333333333,1,"some.wav",60,"13","all"
"138","trial_2","1430"," No","all_QUD",8.93723333333333,1,"all.wav",61,"5","all"
"139","trial_2","1092"," No","all_QUD",8.93723333333333,1,"all.wav",62,"8","all"
"140","trial_2","910"," Yes","all_QUD",8.93723333333333,1,"two.wav",63,"2","all"
"141","trial_2","919"," No","all_QUD",8.93723333333333,1,"three.wav",64,"0","all"
"142","trial_2","3363"," No","all_QUD",8.93723333333333,1,"ten.wav",65,"13","all"
"143","trial_2","1012"," No","all_QUD",8.93723333333333,1,"nine.wav",66,"5","all"
"144","trial_2","910"," No","all_QUD",8.93723333333333,1,"all.wav",67,"0","all"
"145","trial_2","880"," Yes","all_QUD",8.93723333333333,1,"eight.wav",68,"8","all"
"146","trial_2","2175"," No","all_QUD",8.93723333333333,1,"some.wav",69,"13","all"
"147","trial_2","1183"," No","all_QUD",8.93723333333333,1,"none.wav",70,"2","all"
"148","trial_2","946"," Yes","all_QUD",8.93723333333333,1,"all.wav",71,"13","all"
"149","trial_2","945"," Yes","all_QUD",8.93723333333333,1,"all.wav",72,"13","all"
"150","trial_2","949"," Yes","all_QUD",8.93723333333333,1,"none.wav",73,"0","all"
"151","trial_2","933"," Yes","all_QUD",8.93723333333333,1,"two.wav",74,"2","all"
"152","trial_2","972"," No","all_QUD",8.93723333333333,1,"some.wav",75,"13","all"
"153","trial_2","1261"," No","all_QUD",8.93723333333333,1,"some.wav",76,"0","all"
"154","trial_2","1269"," No","all_QUD",8.93723333333333,1,"five.wav",77,"13","all"
"155","trial_2","1027"," No","all_QUD",8.93723333333333,1,"two.wav",78,"8","all"
"156","trial_2","4630"," Yes","all_QUD",8.93723333333333,1,"eleven.wav",79,"11","all"
"157","trial_2","1333"," No","all_QUD",8.93723333333333,1,"all.wav",80,"11","all"
"158","trial_2","1407"," Yes","all_QUD",8.93723333333333,1,"some.wav",81,"11","all"
"159","trial_2","1188"," No","all_QUD",8.93723333333333,1,"twelve.wav",82,"2","all"
"160","trial_2","891"," Yes","all_QUD",8.93723333333333,1,"five.wav",83,"5","all"
"161","bot_check","0"," Patricia","any_QUD",7.82916666666667,2,"",1,"Patricia","any"
"162","audio_check","0"," Four","any_QUD",7.82916666666667,2,"",3,"","any"
"163","comprehension_check_1","0"," Jam","any_QUD",7.82916666666667,2,"",4,"","any"
"164","practice_trial","1707"," No","any_QUD",7.82916666666667,2,"none.wav",6,"13","any"
"165","practice_trial","1696"," Yes","any_QUD",7.82916666666667,2,"all.wav",7,"13","any"
"166","practice_trial","2709"," No","any_QUD",7.82916666666667,2,"all.wav",8,"0","any"
"167","practice_trial","1657"," Yes","any_QUD",7.82916666666667,2,"none.wav",9,"0","any"
"168","trial_1","1560"," No","any_QUD",7.82916666666667,2,"all.wav",11,"5","any"
"169","trial_1","1742"," No","any_QUD",7.82916666666667,2,"five.wav",12,"0","any"
"170","trial_1","1844"," No","any_QUD",7.82916666666667,2,"four.wav",13,"5","any"
"171","trial_1","1863"," No","any_QUD",7.82916666666667,2,"eight.wav",14,"13","any"
"172","trial_1","1650"," No","any_QUD",7.82916666666667,2,"thirteen.wav",15,"8","any"
"173","trial_1","1215"," Yes","any_QUD",7.82916666666667,2,"two.wav",16,"2","any"
"174","trial_1","1802"," No","any_QUD",7.82916666666667,2,"none.wav",17,"8","any"
"175","trial_1","1591"," No","any_QUD",7.82916666666667,2,"some.wav",18,"0","any"
"176","trial_1","1456"," Yes","any_QUD",7.82916666666667,2,"two.wav",19,"2","any"
"177","trial_1","1389"," Yes","any_QUD",7.82916666666667,2,"all.wav",20,"13","any"
"178","trial_1","1312"," No","any_QUD",7.82916666666667,2,"eleven.wav",21,"8","any"
"179","trial_1","2386"," Yes","any_QUD",7.82916666666667,2,"eight.wav",22,"8","any"
"180","trial_1","2313"," Yes","any_QUD",7.82916666666667,2,"some.wav",23,"13","any"
"181","trial_1","1149"," No","any_QUD",7.82916666666667,2,"all.wav",24,"2","any"
"182","trial_1","1315"," Yes","any_QUD",7.82916666666667,2,"some.wav",25,"8","any"
"183","trial_1","1076"," Yes","any_QUD",7.82916666666667,2,"none.wav",26,"0","any"
"184","trial_1","795"," Yes","any_QUD",7.82916666666667,2,"all.wav",27,"13","any"
"185","trial_1","1474"," Yes","any_QUD",7.82916666666667,2,"some.wav",28,"13","any"
"186","trial_1","1104"," Yes","any_QUD",7.82916666666667,2,"all.wav",29,"13","any"
"187","trial_1","1308"," Yes","any_QUD",7.82916666666667,2,"none.wav",30,"0","any"
"188","trial_1","1239"," Yes","any_QUD",7.82916666666667,2,"seven.wav",31,"11","any"
"189","trial_1","1168"," No","any_QUD",7.82916666666667,2,"some.wav",32,"0","any"
"190","trial_1","1101"," Yes","any_QUD",7.82916666666667,2,"two.wav",33,"2","any"
"191","trial_1","1347"," Yes","any_QUD",7.82916666666667,2,"some.wav",34,"13","any"
"192","trial_1","1230"," Yes","any_QUD",7.82916666666667,2,"two.wav",35,"2","any"
"193","trial_1","1425"," Yes","any_QUD",7.82916666666667,2,"some.wav",36,"5","any"
"194","trial_1","928"," No","any_QUD",7.82916666666667,2,"all.wav",37,"0","any"
"195","trial_1","1154"," No","any_QUD",7.82916666666667,2,"eleven.wav",38,"0","any"
"196","trial_1","1112"," Yes","any_QUD",7.82916666666667,2,"none.wav",39,"0","any"
"197","trial_1","1179"," Yes","any_QUD",7.82916666666667,2,"some.wav",40,"13","any"
"198","trial_1","1138"," No","any_QUD",7.82916666666667,2,"ten.wav",41,"5","any"
"199","trial_1","972"," Yes","any_QUD",7.82916666666667,2,"five.wav",42,"5","any"
"200","trial_1","1294"," No","any_QUD",7.82916666666667,2,"all.wav",43,"11","any"
"201","trial_1","1924"," Yes","any_QUD",7.82916666666667,2,"eight.wav",44,"8","any"
"202","trial_1","809"," Yes","any_QUD",7.82916666666667,2,"all.wav",45,"13","any"
"203","trial_1","3427"," Yes","any_QUD",7.82916666666667,2,"eleven.wav",46,"11","any"
"204","comprehension_check_2","0"," Jam","any_QUD",7.82916666666667,2,"",47,"","any"
"205","trial_2","1267"," No","any_QUD",7.82916666666667,2,"none.wav",48,"13","any"
"206","trial_2","2621"," Yes","any_QUD",7.82916666666667,2,"eight.wav",49,"8","any"
"207","trial_2","1390"," No","any_QUD",7.82916666666667,2,"two.wav",50,"5","any"
"208","trial_2","1467"," Yes","any_QUD",7.82916666666667,2,"none.wav",51,"0","any"
"209","trial_2","1279"," Yes","any_QUD",7.82916666666667,2,"all.wav",52,"13","any"
"210","trial_2","1210"," No","any_QUD",7.82916666666667,2,"three.wav",53,"0","any"
"211","trial_2","1614"," No","any_QUD",7.82916666666667,2,"ten.wav",54,"13","any"
"212","trial_2","1234"," Yes","any_QUD",7.82916666666667,2,"some.wav",55,"2","any"
"213","trial_2","1376"," Yes","any_QUD",7.82916666666667,2,"five.wav",56,"5","any"
"214","trial_2","1524"," Yes","any_QUD",7.82916666666667,2,"some.wav",57,"13","any"
"215","trial_2","1580"," Yes","any_QUD",7.82916666666667,2,"eight.wav",58,"8","any"
"216","trial_2","1102"," No","any_QUD",7.82916666666667,2,"one.wav",59,"11","any"
"217","trial_2","1182"," No","any_QUD",7.82916666666667,2,"all.wav",60,"8","any"
"218","trial_2","1189"," Yes","any_QUD",7.82916666666667,2,"two.wav",61,"2","any"
"219","trial_2","1222"," Yes","any_QUD",7.82916666666667,2,"some.wav",62,"13","any"
"220","trial_2","944"," Yes","any_QUD",7.82916666666667,2,"all.wav",63,"13","any"
"221","trial_2","1090"," Yes","any_QUD",7.82916666666667,2,"some.wav",64,"0","any"
"222","trial_2","1032"," No","any_QUD",7.82916666666667,2,"all.wav",65,"5","any"
"223","trial_2","976"," Yes","any_QUD",7.82916666666667,2,"all.wav",66,"13","any"
"224","trial_2","1124"," No","any_QUD",7.82916666666667,2,"twelve.wav",67,"2","any"
"225","trial_2","1231"," Yes","any_QUD",7.82916666666667,2,"none.wav",68,"0","any"
"226","trial_2","1094"," Yes","any_QUD",7.82916666666667,2,"five.wav",69,"5","any"
"227","trial_2","961"," Yes","any_QUD",7.82916666666667,2,"some.wav",70,"11","any"
"228","trial_2","1075"," No","any_QUD",7.82916666666667,2,"five.wav",71,"13","any"
"229","trial_2","1260"," No","any_QUD",7.82916666666667,2,"two.wav",72,"8","any"
"230","trial_2","1177"," No","any_QUD",7.82916666666667,2,"all.wav",73,"11","any"
"231","trial_2","1090"," No","any_QUD",7.82916666666667,2,"nine.wav",74,"5","any"
"232","trial_2","1157"," No","any_QUD",7.82916666666667,2,"none.wav",75,"2","any"
"233","trial_2","976"," Yes","any_QUD",7.82916666666667,2,"two.wav",76,"2","any"
"234","trial_2","811"," Yes","any_QUD",7.82916666666667,2,"all.wav",77,"13","any"
"235","trial_2","1389"," Yes","any_QUD",7.82916666666667,2,"some.wav",78,"13","any"
"236","trial_2","1269"," Yes","any_QUD",7.82916666666667,2,"some.wav",79,"13","any"
"237","trial_2","1423"," No","any_QUD",7.82916666666667,2,"some.wav",80,"0","any"
"238","trial_2","1002"," No","any_QUD",7.82916666666667,2,"all.wav",81,"0","any"
"239","trial_2","1651"," Yes","any_QUD",7.82916666666667,2,"eight.wav",82,"8","any"
"240","trial_2","1669"," Yes","any_QUD",7.82916666666667,2,"eleven.wav",83,"11","any"
"241","bot_check","0"," Mary","any_QUD",10.28745,3,"",1,"Mary","any"
"242","audio_check","0"," Four","any_QUD",10.28745,3,"",3,"","any"
"243","comprehension_check_1","0"," Empty","any_QUD",10.28745,3,"",4,"","any"
"244","comprehension_check_1","0"," Jam","any_QUD",10.28745,3,"",4,"","any"
"245","practice_trial","1720"," No","any_QUD",10.28745,3,"none.wav",6,"13","any"
"246","practice_trial","1581"," Yes","any_QUD",10.28745,3,"all.wav",7,"13","any"
"247","practice_trial","1998"," No","any_QUD",10.28745,3,"all.wav",8,"0","any"
"248","practice_trial","1755"," Yes","any_QUD",10.28745,3,"none.wav",9,"0","any"
"249","trial_1","1809"," No","any_QUD",10.28745,3,"none.wav",11,"8","any"
"250","trial_1","2162"," No","any_QUD",10.28745,3,"some.wav",12,"13","any"
"251","trial_1","1714"," No","any_QUD",10.28745,3,"five.wav",13,"0","any"
"252","trial_1","1983"," No","any_QUD",10.28745,3,"four.wav",14,"5","any"
"253","trial_1","1304"," Yes","any_QUD",10.28745,3,"none.wav",15,"0","any"
"254","trial_1","1969"," No","any_QUD",10.28745,3,"thirteen.wav",16,"8","any"
"255","trial_1","1411"," Yes","any_QUD",10.28745,3,"all.wav",17,"13","any"
"256","trial_1","3015"," Yes","any_QUD",10.28745,3,"eight.wav",18,"8","any"
"257","trial_1","1921"," Yes","any_QUD",10.28745,3,"some.wav",19,"8","any"
"258","trial_1","1842"," No","any_QUD",10.28745,3,"eleven.wav",20,"8","any"
"259","trial_1","2131"," No","any_QUD",10.28745,3,"some.wav",21,"13","any"
"260","trial_1","967"," Yes","any_QUD",10.28745,3,"all.wav",22,"13","any"
"261","trial_1","1512"," No","any_QUD",10.28745,3,"all.wav",23,"2","any"
"262","trial_1","1383"," Yes","any_QUD",10.28745,3,"two.wav",24,"2","any"
"263","trial_1","1279"," No","any_QUD",10.28745,3,"some.wav",25,"0","any"
"264","trial_1","2399"," No","any_QUD",10.28745,3,"eight.wav",26,"13","any"
"265","trial_1","1253"," No","any_QUD",10.28745,3,"all.wav",27,"5","any"
"266","trial_1","1218"," Yes","any_QUD",10.28745,3,"two.wav",28,"2","any"
"267","trial_1","1178"," No","any_QUD",10.28745,3,"some.wav",29,"0","any"
"268","trial_1","1176"," No","any_QUD",10.28745,3,"all.wav",30,"11","any"
"269","trial_1","6842"," No","any_QUD",10.28745,3,"seven.wav",31,"11","any"
"270","trial_1","1339"," Yes","any_QUD",10.28745,3,"all.wav",32,"13","any"
"271","trial_1","1952"," No","any_QUD",10.28745,3,"some.wav",33,"13","any"
"272","trial_1","1416"," No","any_QUD",10.28745,3,"ten.wav",34,"5","any"
"273","trial_1","1651"," Yes","any_QUD",10.28745,3,"five.wav",35,"5","any"
"274","trial_1","1533"," Yes","any_QUD",10.28745,3,"some.wav",36,"5","any"
"275","trial_1","1491"," Yes","any_QUD",10.28745,3,"none.wav",37,"0","any"
"276","trial_1","1210"," Yes","any_QUD",10.28745,3,"two.wav",38,"2","any"
"277","trial_1","1353"," Yes","any_QUD",10.28745,3,"none.wav",39,"0","any"
"278","trial_1","1111"," No","any_QUD",10.28745,3,"all.wav",40,"0","any"
"279","trial_1","2822"," Yes","any_QUD",10.28745,3,"eight.wav",41,"8","any"
"280","trial_1","1265"," Yes","any_QUD",10.28745,3,"all.wav",42,"13","any"
"281","trial_1","1668"," No","any_QUD",10.28745,3,"eleven.wav",43,"0","any"
"282","trial_1","1180"," Yes","any_QUD",10.28745,3,"two.wav",44,"2","any"
"283","trial_1","5711"," Yes","any_QUD",10.28745,3,"eleven.wav",45,"11","any"
"284","trial_1","1575"," No","any_QUD",10.28745,3,"some.wav",46,"13","any"
"285","comprehension_check_2","0"," Jam","any_QUD",10.28745,3,"",47,"","any"
"286","trial_2","1544"," No","any_QUD",10.28745,3,"some.wav",48,"13","any"
"287","trial_2","1037"," Yes","any_QUD",10.28745,3,"none.wav",49,"0","any"
"288","trial_2","1200"," No","any_QUD",10.28745,3,"all.wav",50,"8","any"
"289","trial_2","6508"," No","any_QUD",10.28745,3,"ten.wav",51,"13","any"
"290","trial_2","5622"," Yes","any_QUD",10.28745,3,"eight.wav",52,"8","any"
"291","trial_2","1226"," Yes","any_QUD",10.28745,3,"all.wav",53,"13","any"
"292","trial_2","2123"," Yes","any_QUD",10.28745,3,"five.wav",54,"5","any"
"293","trial_2","1257"," No","any_QUD",10.28745,3,"none.wav",55,"13","any"
"294","trial_2","1259"," No","any_QUD",10.28745,3,"some.wav",56,"13","any"
"295","trial_2","1488"," No","any_QUD",10.28745,3,"all.wav",57,"5","any"
"296","trial_2","1493"," No","any_QUD",10.28745,3,"two.wav",58,"5","any"
"297","trial_2","915"," Yes","any_QUD",10.28745,3,"all.wav",59,"13","any"
"298","trial_2","1594"," Yes","any_QUD",10.28745,3,"some.wav",60,"2","any"
"299","trial_2","1612"," No","any_QUD",10.28745,3,"three.wav",61,"0","any"
"300","trial_2","1441"," No","any_QUD",10.28745,3,"some.wav",62,"0","any"
"301","trial_2","1389"," No","any_QUD",10.28745,3,"one.wav",63,"11","any"
"302","trial_2","2645"," Yes","any_QUD",10.28745,3,"eight.wav",64,"8","any"
"303","trial_2","1263"," Yes","any_QUD",10.28745,3,"two.wav",65,"2","any"
"304","trial_2","1323"," No","any_QUD",10.28745,3,"five.wav",66,"13","any"
"305","trial_2","1258"," No","any_QUD",10.28745,3,"some.wav",67,"0","any"
"306","trial_2","1640"," No","any_QUD",10.28745,3,"some.wav",68,"13","any"
"307","trial_2","1444"," No","any_QUD",10.28745,3,"all.wav",69,"11","any"
"308","trial_2","909"," Yes","any_QUD",10.28745,3,"all.wav",70,"13","any"
"309","trial_2","1183"," No","any_QUD",10.28745,3,"none.wav",71,"2","any"
"310","trial_2","1137"," Yes","any_QUD",10.28745,3,"all.wav",72,"13","any"
"311","trial_2","2145"," Yes","any_QUD",10.28745,3,"none.wav",73,"0","any"
"312","trial_2","1286"," No","any_QUD",10.28745,3,"twelve.wav",74,"2","any"
"313","trial_2","1287"," No","any_QUD",10.28745,3,"nine.wav",75,"5","any"
"314","trial_2","1961"," Yes","any_QUD",10.28745,3,"some.wav",76,"11","any"
"315","trial_2","4781"," Yes","any_QUD",10.28745,3,"eleven.wav",77,"11","any"
"316","trial_2","1472"," No","any_QUD",10.28745,3,"two.wav",78,"8","any"
"317","trial_2","1602"," Yes","any_QUD",10.28745,3,"two.wav",79,"2","any"
"318","trial_2","2450"," Yes","any_QUD",10.28745,3,"eight.wav",80,"8","any"
"319","trial_2","1351"," No","any_QUD",10.28745,3,"some.wav",81,"13","any"
"320","trial_2","1922"," Yes","any_QUD",10.28745,3,"five.wav",82,"5","any"
"321","trial_2","1120"," No","any_QUD",10.28745,3,"all.wav",83,"0","any"
"322","bot_check","0"," Margaret","no_QUD",9.73166666666667,4,"",1,"Margaret","no"
"323","audio_check","0"," Four","no_QUD",9.73166666666667,4,"",3,"","no"
"324","practice_trial","5207"," No","no_QUD",9.73166666666667,4,"none.wav",6,"13","no"
"325","practice_trial","1462"," Yes","no_QUD",9.73166666666667,4,"all.wav",7,"13","no"
"326","practice_trial","1649"," No","no_QUD",9.73166666666667,4,"all.wav",8,"0","no"
"327","practice_trial","2057"," Yes","no_QUD",9.73166666666667,4,"none.wav",9,"0","no"
"328","trial_1","4348"," Yes","no_QUD",9.73166666666667,4,"some.wav",11,"8","no"
"329","trial_1","1947"," No","no_QUD",9.73166666666667,4,"some.wav",12,"13","no"
"330","trial_1","1538"," No","no_QUD",9.73166666666667,4,"some.wav",13,"0","no"
"331","trial_1","4594"," No","no_QUD",9.73166666666667,4,"eleven.wav",14,"8","no"
"332","trial_1","1571"," No","no_QUD",9.73166666666667,4,"all.wav",15,"5","no"
"333","trial_1","1582"," No","no_QUD",9.73166666666667,4,"none.wav",16,"8","no"
"334","trial_1","1782"," No","no_QUD",9.73166666666667,4,"four.wav",17,"5","no"
"335","trial_1","1754"," Yes","no_QUD",9.73166666666667,4,"none.wav",18,"0","no"
"336","trial_1","7676"," No","no_QUD",9.73166666666667,4,"eight.wav",19,"13","no"
"337","trial_1","3021"," No","no_QUD",9.73166666666667,4,"thirteen.wav",20,"8","no"
"338","trial_1","1530"," No","no_QUD",9.73166666666667,4,"some.wav",21,"13","no"
"339","trial_1","1183"," Yes","no_QUD",9.73166666666667,4,"all.wav",22,"13","no"
"340","trial_1","1893"," No","no_QUD",9.73166666666667,4,"five.wav",23,"0","no"
"341","trial_1","1417"," Yes","no_QUD",9.73166666666667,4,"two.wav",24,"2","no"
"342","trial_1","2285"," Yes","no_QUD",9.73166666666667,4,"eight.wav",25,"8","no"
"343","trial_1","1389"," No","no_QUD",9.73166666666667,4,"all.wav",26,"2","no"
"344","trial_1","3812"," Yes","no_QUD",9.73166666666667,4,"two.wav",27,"2","no"
"345","trial_1","1710"," Yes","no_QUD",9.73166666666667,4,"all.wav",28,"13","no"
"346","trial_1","1142"," Yes","no_QUD",9.73166666666667,4,"all.wav",29,"13","no"
"347","trial_1","1587"," No","no_QUD",9.73166666666667,4,"eleven.wav",30,"0","no"
"348","trial_1","2759"," No","no_QUD",9.73166666666667,4,"ten.wav",31,"5","no"
"349","trial_1","1330"," Yes","no_QUD",9.73166666666667,4,"two.wav",32,"2","no"
"350","trial_1","1141"," No","no_QUD",9.73166666666667,4,"all.wav",33,"0","no"
"351","trial_1","3993"," Yes","no_QUD",9.73166666666667,4,"eleven.wav",34,"11","no"
"352","trial_1","3658"," No","no_QUD",9.73166666666667,4,"some.wav",35,"0","no"
"353","trial_1","2433"," Yes","no_QUD",9.73166666666667,4,"two.wav",36,"2","no"
"354","trial_1","1177"," No","no_QUD",9.73166666666667,4,"some.wav",37,"13","no"
"355","trial_1","1713"," Yes","no_QUD",9.73166666666667,4,"five.wav",38,"5","no"
"356","trial_1","4246"," Yes","no_QUD",9.73166666666667,4,"eight.wav",39,"8","no"
"357","trial_1","6045"," No","no_QUD",9.73166666666667,4,"seven.wav",40,"11","no"
"358","trial_1","1525"," Yes","no_QUD",9.73166666666667,4,"some.wav",41,"5","no"
"359","trial_1","953"," Yes","no_QUD",9.73166666666667,4,"all.wav",42,"13","no"
"360","trial_1","1409"," No","no_QUD",9.73166666666667,4,"all.wav",43,"11","no"
"361","trial_1","1168"," No","no_QUD",9.73166666666667,4,"some.wav",44,"13","no"
"362","trial_1","1496"," Yes","no_QUD",9.73166666666667,4,"none.wav",45,"0","no"
"363","trial_1","1689"," Yes","no_QUD",9.73166666666667,4,"none.wav",46,"0","no"
"364","trial_2","1263"," No","no_QUD",9.73166666666667,4,"two.wav",47,"5","no"
"365","trial_2","1099"," No","no_QUD",9.73166666666667,4,"all.wav",48,"5","no"
"366","trial_2","1148"," No","no_QUD",9.73166666666667,4,"some.wav",49,"0","no"
"367","trial_2","1375"," No","no_QUD",9.73166666666667,4,"all.wav",50,"8","no"
"368","trial_2","2146"," No","no_QUD",9.73166666666667,4,"three.wav",51,"0","no"
"369","trial_2","5170"," Yes","no_QUD",9.73166666666667,4,"some.wav",52,"2","no"
"370","trial_2","1045"," Yes","no_QUD",9.73166666666667,4,"all.wav",53,"13","no"
"371","trial_2","1159"," Yes","no_QUD",9.73166666666667,4,"two.wav",54,"2","no"
"372","trial_2","3386"," No","no_QUD",9.73166666666667,4,"ten.wav",55,"13","no"
"373","trial_2","1508"," No","no_QUD",9.73166666666667,4,"some.wav",56,"13","no"
"374","trial_2","3233"," Yes","no_QUD",9.73166666666667,4,"eight.wav",57,"8","no"
"375","trial_2","2222"," Yes","no_QUD",9.73166666666667,4,"eight.wav",58,"8","no"
"376","trial_2","1535"," Yes","no_QUD",9.73166666666667,4,"five.wav",59,"5","no"
"377","trial_2","1421"," No","no_QUD",9.73166666666667,4,"some.wav",60,"13","no"
"378","trial_2","1155"," Yes","no_QUD",9.73166666666667,4,"none.wav",61,"0","no"
"379","trial_2","2342"," No","no_QUD",9.73166666666667,4,"one.wav",62,"11","no"
"380","trial_2","1145"," Yes","no_QUD",9.73166666666667,4,"all.wav",63,"13","no"
"381","trial_2","1869"," No","no_QUD",9.73166666666667,4,"none.wav",64,"13","no"
"382","trial_2","3802"," Yes","no_QUD",9.73166666666667,4,"five.wav",65,"5","no"
"383","trial_2","852"," Yes","no_QUD",9.73166666666667,4,"all.wav",66,"13","no"
"384","trial_2","1647"," Yes","no_QUD",9.73166666666667,4,"some.wav",67,"11","no"
"385","trial_2","2199"," No","no_QUD",9.73166666666667,4,"twelve.wav",68,"2","no"
"386","trial_2","1967"," No","no_QUD",9.73166666666667,4,"nine.wav",69,"5","no"
"387","trial_2","1738"," No","no_QUD",9.73166666666667,4,"none.wav",70,"2","no"
"388","trial_2","1449"," No","no_QUD",9.73166666666667,4,"two.wav",71,"8","no"
"389","trial_2","1795"," Yes","no_QUD",9.73166666666667,4,"all.wav",72,"13","no"
"390","trial_2","1070"," No","no_QUD",9.73166666666667,4,"some.wav",73,"13","no"
"391","trial_2","945"," No","no_QUD",9.73166666666667,4,"some.wav",74,"13","no"
"392","trial_2","3714"," Yes","no_QUD",9.73166666666667,4,"eleven.wav",75,"11","no"
"393","trial_2","3455"," No","no_QUD",9.73166666666667,4,"some.wav",76,"0","no"
"394","trial_2","1191"," No","no_QUD",9.73166666666667,4,"five.wav",77,"13","no"
"395","trial_2","1274"," Yes","no_QUD",9.73166666666667,4,"none.wav",78,"0","no"
"396","trial_2","4198"," Yes","no_QUD",9.73166666666667,4,"eight.wav",79,"8","no"
"397","trial_2","1534"," No","no_QUD",9.73166666666667,4,"all.wav",80,"0","no"
"398","trial_2","1145"," No","no_QUD",9.73166666666667,4,"all.wav",81,"11","no"
"399","trial_2","1332"," Yes","no_QUD",9.73166666666667,4,"two.wav",82,"2","no"
"400","bot_check","0"," Jennifer","no_QUD",8.89695,5,"",1,"Jennifer","no"
"401","audio_check","0"," Four","no_QUD",8.89695,5,"",3,"","no"
"402","practice_trial","1701"," No","no_QUD",8.89695,5,"none.wav",6,"13","no"
"403","practice_trial","1781"," Yes","no_QUD",8.89695,5,"all.wav",7,"13","no"
"404","practice_trial","1418"," No","no_QUD",8.89695,5,"all.wav",8,"0","no"
"405","practice_trial","1953"," Yes","no_QUD",8.89695,5,"none.wav",9,"0","no"
"406","trial_1","4808"," Yes","no_QUD",8.89695,5,"all.wav",11,"13","no"
"407","trial_1","2499"," Yes","no_QUD",8.89695,5,"some.wav",12,"13","no"
"408","trial_1","2015"," No","no_QUD",8.89695,5,"thirteen.wav",13,"8","no"
"409","trial_1","1539"," No","no_QUD",8.89695,5,"eight.wav",14,"13","no"
"410","trial_1","1859"," No","no_QUD",8.89695,5,"four.wav",15,"5","no"
"411","trial_1","1343"," No","no_QUD",8.89695,5,"all.wav",16,"5","no"
"412","trial_1","1503"," Yes","no_QUD",8.89695,5,"some.wav",17,"8","no"
"413","trial_1","1383"," No","no_QUD",8.89695,5,"some.wav",18,"0","no"
"414","trial_1","1449"," Yes","no_QUD",8.89695,5,"none.wav",19,"0","no"
"415","trial_1","1586"," No","no_QUD",8.89695,5,"all.wav",20,"2","no"
"416","trial_1","1565"," No","no_QUD",8.89695,5,"five.wav",21,"0","no"
"417","trial_1","1488"," Yes","no_QUD",8.89695,5,"two.wav",22,"2","no"
"418","trial_1","2220"," No","no_QUD",8.89695,5,"eleven.wav",23,"8","no"
"419","trial_1","1323"," Yes","no_QUD",8.89695,5,"all.wav",24,"13","no"
"420","trial_1","1565"," Yes","no_QUD",8.89695,5,"some.wav",25,"13","no"
"421","trial_1","1586"," Yes","no_QUD",8.89695,5,"two.wav",26,"2","no"
"422","trial_1","3918"," No","no_QUD",8.89695,5,"none.wav",27,"8","no"
"423","trial_1","2471"," Yes","no_QUD",8.89695,5,"eight.wav",28,"8","no"
"424","trial_1","1919"," No","no_QUD",8.89695,5,"eleven.wav",29,"0","no"
"425","trial_1","1595"," No","no_QUD",8.89695,5,"ten.wav",30,"5","no"
"426","trial_1","1749"," No","no_QUD",8.89695,5,"all.wav",31,"11","no"
"427","trial_1","2529"," Yes","no_QUD",8.89695,5,"two.wav",32,"2","no"
"428","trial_1","1498"," Yes","no_QUD",8.89695,5,"none.wav",33,"0","no"
"429","trial_1","1775"," No","no_QUD",8.89695,5,"some.wav",34,"0","no"
"430","trial_1","1198"," Yes","no_QUD",8.89695,5,"two.wav",35,"2","no"
"431","trial_1","2566"," No","no_QUD",8.89695,5,"seven.wav",36,"11","no"
"432","trial_1","1357"," Yes","no_QUD",8.89695,5,"none.wav",37,"0","no"
"433","trial_1","1188"," Yes","no_QUD",8.89695,5,"all.wav",38,"13","no"
"434","trial_1","1614"," Yes","no_QUD",8.89695,5,"five.wav",39,"5","no"
"435","trial_1","1016"," Yes","no_QUD",8.89695,5,"all.wav",40,"13","no"
"436","trial_1","1541"," Yes","no_QUD",8.89695,5,"some.wav",41,"13","no"
"437","trial_1","1122"," Yes","no_QUD",8.89695,5,"some.wav",42,"5","no"
"438","trial_1","2215"," Yes","no_QUD",8.89695,5,"eight.wav",43,"8","no"
"439","trial_1","1042"," Yes","no_QUD",8.89695,5,"some.wav",44,"13","no"
"440","trial_1","1304"," No","no_QUD",8.89695,5,"all.wav",45,"0","no"
"441","trial_1","3057"," Yes","no_QUD",8.89695,5,"eleven.wav",46,"11","no"
"442","trial_2","2509"," No","no_QUD",8.89695,5,"ten.wav",47,"13","no"
"443","trial_2","1690"," No","no_QUD",8.89695,5,"three.wav",48,"0","no"
"444","trial_2","1478"," No","no_QUD",8.89695,5,"two.wav",49,"5","no"
"445","trial_2","1237"," No","no_QUD",8.89695,5,"all.wav",50,"8","no"
"446","trial_2","1818"," Yes","no_QUD",8.89695,5,"some.wav",51,"13","no"
"447","trial_2","1831"," Yes","no_QUD",8.89695,5,"all.wav",52,"13","no"
"448","trial_2","3901"," Yes","no_QUD",8.89695,5,"some.wav",53,"13","no"
"449","trial_2","1318"," Yes","no_QUD",8.89695,5,"all.wav",54,"13","no"
"450","trial_2","1549"," Yes","no_QUD",8.89695,5,"some.wav",55,"2","no"
"451","trial_2","1501"," Yes","no_QUD",8.89695,5,"five.wav",56,"5","no"
"452","trial_2","1449"," No","no_QUD",8.89695,5,"none.wav",57,"13","no"
"453","trial_2","1744"," Yes","no_QUD",8.89695,5,"one.wav",58,"11","no"
"454","trial_2","2182"," Yes","no_QUD",8.89695,5,"eight.wav",59,"8","no"
"455","trial_2","1069"," Yes","no_QUD",8.89695,5,"two.wav",60,"2","no"
"456","trial_2","1291"," No","no_QUD",8.89695,5,"all.wav",61,"5","no"
"457","trial_2","1328"," Yes","no_QUD",8.89695,5,"none.wav",62,"0","no"
"458","trial_2","2843"," Yes","no_QUD",8.89695,5,"eight.wav",63,"8","no"
"459","trial_2","2701"," No","no_QUD",8.89695,5,"some.wav",64,"0","no"
"460","trial_2","1759"," Yes","no_QUD",8.89695,5,"all.wav",65,"13","no"
"461","trial_2","1505"," Yes","no_QUD",8.89695,5,"all.wav",66,"13","no"
"462","trial_2","2632"," No","no_QUD",8.89695,5,"twelve.wav",67,"2","no"
"463","trial_2","1559"," No","no_QUD",8.89695,5,"some.wav",68,"0","no"
"464","trial_2","1560"," No","no_QUD",8.89695,5,"all.wav",69,"11","no"
"465","trial_2","1807"," Yes","no_QUD",8.89695,5,"some.wav",70,"13","no"
"466","trial_2","1530"," No","no_QUD",8.89695,5,"all.wav",71,"0","no"
"467","trial_2","2447"," No","no_QUD",8.89695,5,"two.wav",72,"8","no"
"468","trial_2","2555"," Yes","no_QUD",8.89695,5,"eight.wav",73,"8","no"
"469","trial_2","1426"," No","no_QUD",8.89695,5,"nine.wav",74,"5","no"
"470","trial_2","1451"," No","no_QUD",8.89695,5,"none.wav",75,"2","no"
"471","trial_2","2648"," Yes","no_QUD",8.89695,5,"none.wav",76,"0","no"
"472","trial_2","4199"," No","no_QUD",8.89695,5,"eleven.wav",77,"11","no"
"473","trial_2","1876"," No","no_QUD",8.89695,5,"some.wav",78,"13","no"
"474","trial_2","1585"," No","no_QUD",8.89695,5,"five.wav",79,"5","no"
"475","trial_2","2135"," Yes","no_QUD",8.89695,5,"some.wav",80,"11","no"
"476","trial_2","1739"," No","no_QUD",8.89695,5,"five.wav",81,"13","no"
"477","trial_2","1758"," Yes","no_QUD",8.89695,5,"two.wav",82,"2","no"
